W,0x51aa2545,387
W,0x51aa2549,718
W,0x51aa254d,248
W,0x51aa2551,854
W,0x51aa2545,248
W,0x51aa2549,387
W,0x51aa254d,718
W,0x51aa2551,854
W,0x51aa2555,435
W,0x51aa2559,900
W,0x51aa2555,435
W,0x51aa2559,634
W,0x51aa255d,900
W,0x51aa2545,248
W,0x51aa2549,387
W,0x51aa254d,435
W,0x51aa2551,634
W,0x51aa2555,718
W,0x51aa2559,854
W,0x51aa255d,900
W,0x51aa2561,479
W,0x51aa2565,761
W,0x51aa2561,479
W,0x51aa2565,761
W,0x51aa2569,923
W,0x51aa256d,89
W,0x51aa2571,865
W,0x51aa256d,89
W,0x51aa2571,179
W,0x51aa2575,865
W,0x51aa2561,89
W,0x51aa2565,179
W,0x51aa2569,479
W,0x51aa256d,761
W,0x51aa2571,865
W,0x51aa2575,923
W,0x51aa2545,89
W,0x51aa2549,179
W,0x51aa254d,248
W,0x51aa2551,387
W,0x51aa2555,435
W,0x51aa2559,479
W,0x51aa255d,634
W,0x51aa2561,718
W,0x51aa2565,761
W,0x51aa2569,854
W,0x51aa256d,865
W,0x51aa2571,900
W,0x51aa2575,923
W,0x51aa2579,46
W,0x51aa257d,648
W,0x51aa2579,46
W,0x51aa257d,80
W,0x51aa2581,648
W,0x51aa2585,25
W,0x51aa2589,970
W,0x51aa2585,25
W,0x51aa2589,921
W,0x51aa258d,970
W,0x51aa2579,25
W,0x51aa257d,46
W,0x51aa2581,80
W,0x51aa2585,648
W,0x51aa2589,921
W,0x51aa258d,970
W,0x51aa2591,88
W,0x51aa2595,618
W,0x51aa2591,88
W,0x51aa2595,190
W,0x51aa2599,618
W,0x51aa259d,101
W,0x51aa25a1,907
W,0x51aa259d,101
W,0x51aa25a1,170
W,0x51aa25a5,907
W,0x51aa2591,88
W,0x51aa2595,101
W,0x51aa2599,170
W,0x51aa259d,190
W,0x51aa25a1,618
W,0x51aa25a5,907
W,0x51aa2579,25
W,0x51aa257d,46
W,0x51aa2581,80
W,0x51aa2585,88
W,0x51aa2589,101
W,0x51aa258d,170
W,0x51aa2591,190
W,0x51aa2595,618
W,0x51aa2599,648
W,0x51aa259d,907
W,0x51aa25a1,921
W,0x51aa25a5,970
W,0x51aa2545,25
W,0x51aa2549,46
W,0x51aa254d,80
W,0x51aa2551,88
W,0x51aa2555,89
W,0x51aa2559,101
W,0x51aa255d,170
W,0x51aa2561,179
W,0x51aa2565,190
W,0x51aa2569,248
W,0x51aa256d,387
W,0x51aa2571,435
W,0x51aa2575,479
W,0x51aa2579,618
W,0x51aa257d,634
W,0x51aa2581,648
W,0x51aa2585,718
W,0x51aa2589,761
W,0x51aa258d,854
W,0x51aa2591,865
W,0x51aa2595,900
W,0x51aa2599,907
W,0x51aa259d,921
W,0x51aa25a1,923
W,0x51aa25a5,970
W,0x51aa25a9,405
W,0x51aa25ad,864
W,0x51aa25b1,197
W,0x51aa25b5,875
W,0x51aa25a9,197
W,0x51aa25ad,405
W,0x51aa25b1,864
W,0x51aa25b5,875
W,0x51aa25b9,671
W,0x51aa25bd,948
W,0x51aa25b9,102
W,0x51aa25bd,671
W,0x51aa25c1,948
W,0x51aa25a9,102
W,0x51aa25ad,197
W,0x51aa25b1,405
W,0x51aa25b5,671
W,0x51aa25b9,864
W,0x51aa25bd,875
W,0x51aa25c1,948
W,0x51aa25c5,41
W,0x51aa25c9,572
W,0x51aa25c5,41
W,0x51aa25c9,525
W,0x51aa25cd,572
W,0x51aa25d1,292
W,0x51aa25d5,489
W,0x51aa25d1,5
W,0x51aa25d5,292
W,0x51aa25d9,489
W,0x51aa25c5,5
W,0x51aa25c9,41
W,0x51aa25cd,292
W,0x51aa25d1,489
W,0x51aa25d5,525
W,0x51aa25d9,572
W,0x51aa25a9,5
W,0x51aa25ad,41
W,0x51aa25b1,102
W,0x51aa25b5,197
W,0x51aa25b9,292
W,0x51aa25bd,405
W,0x51aa25c1,489
W,0x51aa25c5,525
W,0x51aa25c9,572
W,0x51aa25cd,671
W,0x51aa25d1,864
W,0x51aa25d5,875
W,0x51aa25d9,948
W,0x51aa25dd,107
W,0x51aa25e1,414
W,0x51aa25dd,107
W,0x51aa25e1,414
W,0x51aa25e5,922
W,0x51aa25e9,896
W,0x51aa25ed,958
W,0x51aa25e9,619
W,0x51aa25ed,896
W,0x51aa25f1,958
W,0x51aa25dd,107
W,0x51aa25e1,414
W,0x51aa25e5,619
W,0x51aa25e9,896
W,0x51aa25ed,922
W,0x51aa25f1,958
W,0x51aa25f5,448
W,0x51aa25f9,569
W,0x51aa25f5,448
W,0x51aa25f9,569
W,0x51aa25fd,893
W,0x51aa2601,177
W,0x51aa2605,185
W,0x51aa2601,177
W,0x51aa2605,185
W,0x51aa2609,809
W,0x51aa25f5,177
W,0x51aa25f9,185
W,0x51aa25fd,448
W,0x51aa2601,569
W,0x51aa2605,809
W,0x51aa2609,893
W,0x51aa25dd,107
W,0x51aa25e1,177
W,0x51aa25e5,185
W,0x51aa25e9,414
W,0x51aa25ed,448
W,0x51aa25f1,569
W,0x51aa25f5,619
W,0x51aa25f9,809
W,0x51aa25fd,893
W,0x51aa2601,896
W,0x51aa2605,922
W,0x51aa2609,958
W,0x51aa25a9,5
W,0x51aa25ad,41
W,0x51aa25b1,102
W,0x51aa25b5,107
W,0x51aa25b9,177
W,0x51aa25bd,185
W,0x51aa25c1,197
W,0x51aa25c5,292
W,0x51aa25c9,405
W,0x51aa25cd,414
W,0x51aa25d1,448
W,0x51aa25d5,489
W,0x51aa25d9,525
W,0x51aa25dd,569
W,0x51aa25e1,572
W,0x51aa25e5,619
W,0x51aa25e9,671
W,0x51aa25ed,809
W,0x51aa25f1,864
W,0x51aa25f5,875
W,0x51aa25f9,893
W,0x51aa25fd,896
W,0x51aa2601,922
W,0x51aa2605,948
W,0x51aa2609,958
W,0x51aa2545,5
W,0x51aa2549,25
W,0x51aa254d,41
W,0x51aa2551,46
W,0x51aa2555,80
W,0x51aa2559,88
W,0x51aa255d,89
W,0x51aa2561,101
W,0x51aa2565,102
W,0x51aa2569,107
W,0x51aa256d,170
W,0x51aa2571,177
W,0x51aa2575,179
W,0x51aa2579,185
W,0x51aa257d,190
W,0x51aa2581,197
W,0x51aa2585,248
W,0x51aa2589,292
W,0x51aa258d,387
W,0x51aa2591,405
W,0x51aa2595,414
W,0x51aa2599,435
W,0x51aa259d,448
W,0x51aa25a1,479
W,0x51aa25a5,489
W,0x51aa25a9,525
W,0x51aa25ad,569
W,0x51aa25b1,572
W,0x51aa25b5,618
W,0x51aa25b9,619
W,0x51aa25bd,634
W,0x51aa25c1,648
W,0x51aa25c5,671
W,0x51aa25c9,718
W,0x51aa25cd,761
W,0x51aa25d1,809
W,0x51aa25d5,854
W,0x51aa25d9,864
W,0x51aa25dd,865
W,0x51aa25e1,875
W,0x51aa25e5,893
W,0x51aa25e9,896
W,0x51aa25ed,900
W,0x51aa25f1,907
W,0x51aa25f5,921
W,0x51aa25f9,922
W,0x51aa25fd,923
W,0x51aa2601,948
W,0x51aa2605,958
W,0x51aa2609,970
W,0x51aa260d,182
W,0x51aa2611,363
W,0x51aa2615,3
W,0x51aa2619,205
W,0x51aa260d,3
W,0x51aa2611,182
W,0x51aa2615,205
W,0x51aa2619,363
W,0x51aa261d,342
W,0x51aa2621,726
W,0x51aa261d,342
W,0x51aa2621,571
W,0x51aa2625,726
W,0x51aa260d,3
W,0x51aa2611,182
W,0x51aa2615,205
W,0x51aa2619,342
W,0x51aa261d,363
W,0x51aa2621,571
W,0x51aa2625,726
W,0x51aa2629,68
W,0x51aa262d,317
W,0x51aa2629,68
W,0x51aa262d,150
W,0x51aa2631,317
W,0x51aa2635,324
W,0x51aa2639,912
W,0x51aa2635,172
W,0x51aa2639,324
W,0x51aa263d,912
W,0x51aa2629,68
W,0x51aa262d,150
W,0x51aa2631,172
W,0x51aa2635,317
W,0x51aa2639,324
W,0x51aa263d,912
W,0x51aa260d,3
W,0x51aa2611,68
W,0x51aa2615,150
W,0x51aa2619,172
W,0x51aa261d,182
W,0x51aa2621,205
W,0x51aa2625,317
W,0x51aa2629,324
W,0x51aa262d,342
W,0x51aa2631,363
W,0x51aa2635,571
W,0x51aa2639,726
W,0x51aa263d,912
W,0x51aa2641,391
W,0x51aa2645,907
W,0x51aa2641,391
W,0x51aa2645,430
W,0x51aa2649,907
W,0x51aa264d,209
W,0x51aa2651,988
W,0x51aa264d,209
W,0x51aa2651,455
W,0x51aa2655,988
W,0x51aa2641,209
W,0x51aa2645,391
W,0x51aa2649,430
W,0x51aa264d,455
W,0x51aa2651,907
W,0x51aa2655,988
W,0x51aa2659,107
W,0x51aa265d,294
W,0x51aa2659,107
W,0x51aa265d,294
W,0x51aa2661,543
W,0x51aa2665,467
W,0x51aa2669,736
W,0x51aa2665,290
W,0x51aa2669,467
W,0x51aa266d,736
W,0x51aa2659,107
W,0x51aa265d,290
W,0x51aa2661,294
W,0x51aa2665,467
W,0x51aa2669,543
W,0x51aa266d,736
W,0x51aa2641,107
W,0x51aa2645,209
W,0x51aa2649,290
W,0x51aa264d,294
W,0x51aa2651,391
W,0x51aa2655,430
W,0x51aa2659,455
W,0x51aa265d,467
W,0x51aa2661,543
W,0x51aa2665,736
W,0x51aa2669,907
W,0x51aa266d,988
W,0x51aa260d,3
W,0x51aa2611,68
W,0x51aa2615,107
W,0x51aa2619,150
W,0x51aa261d,172
W,0x51aa2621,182
W,0x51aa2625,205
W,0x51aa2629,209
W,0x51aa262d,290
W,0x51aa2631,294
W,0x51aa2635,317
W,0x51aa2639,324
W,0x51aa263d,342
W,0x51aa2641,363
W,0x51aa2645,391
W,0x51aa2649,430
W,0x51aa264d,455
W,0x51aa2651,467
W,0x51aa2655,543
W,0x51aa2659,571
W,0x51aa265d,726
W,0x51aa2661,736
W,0x51aa2665,907
W,0x51aa2669,912
W,0x51aa266d,988
W,0x51aa2671,433
W,0x51aa2675,832
W,0x51aa2679,74
W,0x51aa267d,89
W,0x51aa2671,74
W,0x51aa2675,89
W,0x51aa2679,433
W,0x51aa267d,832
W,0x51aa2681,106
W,0x51aa2685,613
W,0x51aa2681,106
W,0x51aa2685,188
W,0x51aa2689,613
W,0x51aa2671,74
W,0x51aa2675,89
W,0x51aa2679,106
W,0x51aa267d,188
W,0x51aa2681,433
W,0x51aa2685,613
W,0x51aa2689,832
W,0x51aa268d,138
W,0x51aa2691,388
W,0x51aa268d,138
W,0x51aa2691,388
W,0x51aa2695,521
W,0x51aa2699,430
W,0x51aa269d,901
W,0x51aa2699,430
W,0x51aa269d,824
W,0x51aa26a1,901
W,0x51aa268d,138
W,0x51aa2691,388
W,0x51aa2695,430
W,0x51aa2699,521
W,0x51aa269d,824
W,0x51aa26a1,901
W,0x51aa2671,74
W,0x51aa2675,89
W,0x51aa2679,106
W,0x51aa267d,138
W,0x51aa2681,188
W,0x51aa2685,388
W,0x51aa2689,430
W,0x51aa268d,433
W,0x51aa2691,521
W,0x51aa2695,613
W,0x51aa2699,824
W,0x51aa269d,832
W,0x51aa26a1,901
W,0x51aa26a5,406
W,0x51aa26a9,862
W,0x51aa26a5,357
W,0x51aa26a9,406
W,0x51aa26ad,862
W,0x51aa26b1,481
W,0x51aa26b5,657
W,0x51aa26b1,481
W,0x51aa26b5,657
W,0x51aa26b9,826
W,0x51aa26a5,357
W,0x51aa26a9,406
W,0x51aa26ad,481
W,0x51aa26b1,657
W,0x51aa26b5,826
W,0x51aa26b9,862
W,0x51aa26bd,347
W,0x51aa26c1,821
W,0x51aa26bd,325
W,0x51aa26c1,347
W,0x51aa26c5,821
W,0x51aa26c9,313
W,0x51aa26cd,490
W,0x51aa26c9,38
W,0x51aa26cd,313
W,0x51aa26d1,490
W,0x51aa26bd,38
W,0x51aa26c1,313
W,0x51aa26c5,325
W,0x51aa26c9,347
W,0x51aa26cd,490
W,0x51aa26d1,821
W,0x51aa26a5,38
W,0x51aa26a9,313
W,0x51aa26ad,325
W,0x51aa26b1,347
W,0x51aa26b5,357
W,0x51aa26b9,406
W,0x51aa26bd,481
W,0x51aa26c1,490
W,0x51aa26c5,657
W,0x51aa26c9,821
W,0x51aa26cd,826
W,0x51aa26d1,862
W,0x51aa2671,38
W,0x51aa2675,74
W,0x51aa2679,89
W,0x51aa267d,106
W,0x51aa2681,138
W,0x51aa2685,188
W,0x51aa2689,313
W,0x51aa268d,325
W,0x51aa2691,347
W,0x51aa2695,357
W,0x51aa2699,388
W,0x51aa269d,406
W,0x51aa26a1,430
W,0x51aa26a5,433
W,0x51aa26a9,481
W,0x51aa26ad,490
W,0x51aa26b1,521
W,0x51aa26b5,613
W,0x51aa26b9,657
W,0x51aa26bd,821
W,0x51aa26c1,824
W,0x51aa26c5,826
W,0x51aa26c9,832
W,0x51aa26cd,862
W,0x51aa26d1,901
W,0x51aa260d,3
W,0x51aa2611,38
W,0x51aa2615,68
W,0x51aa2619,74
W,0x51aa261d,89
W,0x51aa2621,106
W,0x51aa2625,107
W,0x51aa2629,138
W,0x51aa262d,150
W,0x51aa2631,172
W,0x51aa2635,182
W,0x51aa2639,188
W,0x51aa263d,205
W,0x51aa2641,209
W,0x51aa2645,290
W,0x51aa2649,294
W,0x51aa264d,313
W,0x51aa2651,317
W,0x51aa2655,324
W,0x51aa2659,325
W,0x51aa265d,342
W,0x51aa2661,347
W,0x51aa2665,357
W,0x51aa2669,363
W,0x51aa266d,388
W,0x51aa2671,391
W,0x51aa2675,406
W,0x51aa2679,430
W,0x51aa267d,430
W,0x51aa2681,433
W,0x51aa2685,455
W,0x51aa2689,467
W,0x51aa268d,481
W,0x51aa2691,490
W,0x51aa2695,521
W,0x51aa2699,543
W,0x51aa269d,571
W,0x51aa26a1,613
W,0x51aa26a5,657
W,0x51aa26a9,726
W,0x51aa26ad,736
W,0x51aa26b1,821
W,0x51aa26b5,824
W,0x51aa26b9,826
W,0x51aa26bd,832
W,0x51aa26c1,862
W,0x51aa26c5,901
W,0x51aa26c9,907
W,0x51aa26cd,912
W,0x51aa26d1,988
W,0x51aa2545,3
W,0x51aa2549,5
W,0x51aa254d,25
W,0x51aa2551,38
W,0x51aa2555,41
W,0x51aa2559,46
W,0x51aa255d,68
W,0x51aa2561,74
W,0x51aa2565,80
W,0x51aa2569,88
W,0x51aa256d,89
W,0x51aa2571,89
W,0x51aa2575,101
W,0x51aa2579,102
W,0x51aa257d,106
W,0x51aa2581,107
W,0x51aa2585,107
W,0x51aa2589,138
W,0x51aa258d,150
W,0x51aa2591,170
W,0x51aa2595,172
W,0x51aa2599,177
W,0x51aa259d,179
W,0x51aa25a1,182
W,0x51aa25a5,185
W,0x51aa25a9,188
W,0x51aa25ad,190
W,0x51aa25b1,197
W,0x51aa25b5,205
W,0x51aa25b9,209
W,0x51aa25bd,248
W,0x51aa25c1,290
W,0x51aa25c5,292
W,0x51aa25c9,294
W,0x51aa25cd,313
W,0x51aa25d1,317
W,0x51aa25d5,324
W,0x51aa25d9,325
W,0x51aa25dd,342
W,0x51aa25e1,347
W,0x51aa25e5,357
W,0x51aa25e9,363
W,0x51aa25ed,387
W,0x51aa25f1,388
W,0x51aa25f5,391
W,0x51aa25f9,405
W,0x51aa25fd,406
W,0x51aa2601,414
W,0x51aa2605,430
W,0x51aa2609,430
W,0x51aa260d,433
W,0x51aa2611,435
W,0x51aa2615,448
W,0x51aa2619,455
W,0x51aa261d,467
W,0x51aa2621,479
W,0x51aa2625,481
W,0x51aa2629,489
W,0x51aa262d,490
W,0x51aa2631,521
W,0x51aa2635,525
W,0x51aa2639,543
W,0x51aa263d,569
W,0x51aa2641,571
W,0x51aa2645,572
W,0x51aa2649,613
W,0x51aa264d,618
W,0x51aa2651,619
W,0x51aa2655,634
W,0x51aa2659,648
W,0x51aa265d,657
W,0x51aa2661,671
W,0x51aa2665,718
W,0x51aa2669,726
W,0x51aa266d,736
W,0x51aa2671,761
W,0x51aa2675,809
W,0x51aa2679,821
W,0x51aa267d,824
W,0x51aa2681,826
W,0x51aa2685,832
W,0x51aa2689,854
W,0x51aa268d,862
W,0x51aa2691,864
W,0x51aa2695,865
W,0x51aa2699,875
W,0x51aa269d,893
W,0x51aa26a1,896
W,0x51aa26a5,900
W,0x51aa26a9,901
W,0x51aa26ad,907
W,0x51aa26b1,907
W,0x51aa26b5,912
W,0x51aa26b9,921
W,0x51aa26bd,922
W,0x51aa26c1,923
W,0x51aa26c5,948
W,0x51aa26c9,958
W,0x51aa26cd,970
W,0x51aa26d1,988
