R,0x295d7bab
W,0x295d7bab,67
W,0x295d7bab,67
R,0x295d7baf
W,0x295d7baf,351
W,0x295d7baf,351
R,0x295d7bb3
R,0x295d7bb7
R,0x295d7bbb
W,0x295d7bb3,253
W,0x295d7bbb,701
R,0x295d7bbf
R,0x295d7bc3
W,0x295d7bb7,37
W,0x295d7bc3,676
R,0x295d7bc7
W,0x295d7bbb,17
W,0x295d7bc7,701
R,0x295d7bcb
W,0x295d7bbf,18
W,0x295d7bcb,654
R,0x295d7bcf
W,0x295d7bc3,211
W,0x295d7bcf,676
R,0x295d7bd3
R,0x295d7bd7
R,0x295d7bdb
W,0x295d7bc7,149
W,0x295d7bdb,701
R,0x295d7bdf
R,0x295d7be3
R,0x295d7be7
R,0x295d7beb
R,0x295d7bef
W,0x295d7bcb,427
W,0x295d7bef,654
R,0x295d7bf3
R,0x295d7bf7
W,0x295d7bcf,285
W,0x295d7bf7,676
R,0x295d7bfb
R,0x295d7bff
R,0x295d7c03
W,0x295d7bd3,350
W,0x295d7c03,702
R,0x295d7c07
R,0x295d7c0b
R,0x295d7c0f
W,0x295d7bd7,444
W,0x295d7c0f,931
R,0x295d7c13
W,0x295d7bdb,153
W,0x295d7c13,701
R,0x295d7c17
W,0x295d7bdf,254
W,0x295d7c17,452
R,0x295d7c1b
R,0x295d7c1f
R,0x295d7c23
W,0x295d7be3,265
W,0x295d7c23,741
R,0x295d7c27
R,0x295d7c2b
W,0x295d7be7,313
W,0x295d7c2b,551
R,0x295d7c2f
W,0x295d7beb,329
W,0x295d7c2f,807
R,0x295d7c33
R,0x295d7c37
W,0x295d7bef,241
W,0x295d7c37,654
R,0x295d7c3b
R,0x295d7c3f
R,0x295d7c43
W,0x295d7bf3,69
W,0x295d7c43,633
R,0x295d7c47
R,0x295d7c4b
R,0x295d7c4f
W,0x295d7bf7,258
W,0x295d7c4f,676
R,0x295d7c53
R,0x295d7c57
W,0x295d7bfb,355
W,0x295d7c57,931
R,0x295d7c5b
R,0x295d7c5f
R,0x295d7c63
R,0x295d7c67
W,0x295d7bff,444
W,0x295d7c67,703
R,0x295d7c6b
R,0x295d7c6f
R,0x295d7c73
R,0x295d7c77
W,0x295d7c03,35
W,0x295d7c77,702
R,0x295d7c7b
W,0x295d7c07,310
W,0x295d7c7b,963
R,0x295d7c7f
W,0x295d7c0b,432
W,0x295d7c7f,781
R,0x295d7c83
W,0x295d7c0f,109
W,0x295d7c83,931
R,0x295d7c87
R,0x295d7c8b
R,0x295d7c8f
R,0x295d7c93
W,0x295d7c13,414
W,0x295d7c93,701
R,0x295d7c97
R,0x295d7c9b
R,0x295d7c9f
R,0x295d7ca3
R,0x295d7ca7
R,0x295d7cab
W,0x295d7c17,265
W,0x295d7cab,452
R,0x295d7caf
W,0x295d7c1b,301
W,0x295d7caf,701
R,0x295d7cb3
W,0x295d7c1f,168
W,0x295d7cb3,474
R,0x295d7cb7
R,0x295d7cbb
R,0x295d7cbf
W,0x295d7c23,247
W,0x295d7cbf,741
R,0x295d7cc3
R,0x295d7cc7
R,0x295d7ccb
R,0x295d7ccf
W,0x295d7c27,333
W,0x295d7ccf,910
R,0x295d7cd3
R,0x295d7cd7
R,0x295d7cdb
W,0x295d7c2b,140
W,0x295d7cdb,551
R,0x295d7cdf
R,0x295d7ce3
W,0x295d7c2f,79
W,0x295d7ce3,807
R,0x295d7ce7
W,0x295d7c33,375
W,0x295d7ce7,939
R,0x295d7ceb
W,0x295d7c37,291
W,0x295d7ceb,654
R,0x295d7cef
W,0x295d7c3b,32
W,0x295d7cef,745
R,0x295d7cf3
W,0x295d7c3f,25
W,0x295d7cf3,578
R,0x295d7cf7
R,0x295d7cfb
W,0x295d7c43,229
W,0x295d7cfb,633
R,0x295d7cff
R,0x295d7d03
W,0x295d7c47,124
W,0x295d7d03,466
R,0x295d7d07
W,0x295d7c4b,356
W,0x295d7d07,768
R,0x295d7d0b
W,0x295d7c4f,178
W,0x295d7d0b,676
R,0x295d7d0f
R,0x295d7d13
W,0x295d7c53,346
W,0x295d7d13,940
R,0x295d7d17
W,0x295d7c57,333
W,0x295d7d17,931
R,0x295d7d1b
R,0x295d7d1f
W,0x295d7c5b,126
W,0x295d7d1f,996
R,0x295d7d23
R,0x295d7d27
W,0x295d7c5f,197
W,0x295d7d27,744
R,0x295d7d2b
R,0x295d7d2f
R,0x295d7d33
W,0x295d7c63,232
W,0x295d7d33,533
W,0x295d7c67,451
W,0x295d7d37,703
R,0x295d7bab
W,0x295d7bab,67
W,0x295d7bab,67
R,0x295d7baf
R,0x295d7bb3
R,0x295d7bb7
W,0x295d7baf,37
W,0x295d7bb7,351
R,0x295d7bbb
W,0x295d7bb3,17
W,0x295d7bbb,253
R,0x295d7bbf
W,0x295d7bb7,18
W,0x295d7bbf,351
R,0x295d7bc3
W,0x295d7bbb,211
W,0x295d7bc3,253
R,0x295d7bc7
W,0x295d7bbf,149
W,0x295d7bc7,351
R,0x295d7bcb
R,0x295d7bcf
R,0x295d7bd3
R,0x295d7bd7
R,0x295d7bdb
W,0x295d7bc3,153
W,0x295d7bdb,253
R,0x295d7bdf
R,0x295d7be3
R,0x295d7be7
R,0x295d7beb
R,0x295d7bef
R,0x295d7bf3
W,0x295d7bc7,69
W,0x295d7bf3,351
R,0x295d7bf7
R,0x295d7bfb
R,0x295d7bff
R,0x295d7c03
W,0x295d7bcb,35
W,0x295d7c03,427
R,0x295d7c07
R,0x295d7c0b
R,0x295d7c0f
W,0x295d7bcf,109
W,0x295d7c0f,285
R,0x295d7c13
R,0x295d7c17
R,0x295d7c1b
R,0x295d7c1f
W,0x295d7bd3,168
W,0x295d7c1f,350
R,0x295d7c23
R,0x295d7c27
R,0x295d7c2b
W,0x295d7bd7,140
W,0x295d7c2b,444
R,0x295d7c2f
W,0x295d7bdb,79
W,0x295d7c2f,253
R,0x295d7c33
R,0x295d7c37
R,0x295d7c3b
W,0x295d7bdf,32
W,0x295d7c3b,254
R,0x295d7c3f
W,0x295d7be3,25
W,0x295d7c3f,265
R,0x295d7c43
W,0x295d7be7,229
W,0x295d7c43,313
R,0x295d7c47
W,0x295d7beb,124
W,0x295d7c47,329
R,0x295d7c4b
R,0x295d7c4f
W,0x295d7bef,178
W,0x295d7c4f,241
R,0x295d7c53
R,0x295d7c57
R,0x295d7c5b
W,0x295d7bf3,126
W,0x295d7c5b,351
R,0x295d7c5f
W,0x295d7bf7,197
W,0x295d7c5f,258
W,0x295d7bfb,232
W,0x295d7c63,355
R,0x295d7bab
W,0x295d7bab,67
W,0x295d7bab,67
R,0x295d7baf
W,0x295d7baf,37
W,0x295d7baf,37
R,0x295d7bb3
W,0x295d7bb3,17
W,0x295d7bb3,17
R,0x295d7bb7
W,0x295d7bb7,18
W,0x295d7bb7,18
R,0x295d7bbb
R,0x295d7bbf
W,0x295d7bbb,149
W,0x295d7bbf,211
R,0x295d7bc3
W,0x295d7bbf,153
W,0x295d7bc3,211
R,0x295d7bc7
W,0x295d7bc3,69
W,0x295d7bc7,211
R,0x295d7bcb
W,0x295d7bc7,35
W,0x295d7bcb,211
R,0x295d7bcf
W,0x295d7bcb,109
W,0x295d7bcf,211
R,0x295d7bd3
W,0x295d7bcf,168
W,0x295d7bd3,211
R,0x295d7bd7
W,0x295d7bd3,140
W,0x295d7bd7,211
R,0x295d7bdb
W,0x295d7bd7,79
W,0x295d7bdb,211
R,0x295d7bdf
W,0x295d7bdb,32
W,0x295d7bdf,211
R,0x295d7be3
W,0x295d7bdf,25
W,0x295d7be3,211
R,0x295d7be7
R,0x295d7beb
W,0x295d7be3,124
W,0x295d7beb,211
R,0x295d7bef
W,0x295d7be7,178
W,0x295d7bef,229
R,0x295d7bf3
W,0x295d7beb,126
W,0x295d7bf3,211
W,0x295d7bef,197
W,0x295d7bf7,229
R,0x295d7bab
W,0x295d7bab,67
W,0x295d7bab,67
R,0x295d7baf
W,0x295d7baf,37
W,0x295d7baf,37
R,0x295d7bb3
W,0x295d7bb3,17
W,0x295d7bb3,17
R,0x295d7bb7
W,0x295d7bb7,18
W,0x295d7bb7,18
R,0x295d7bbb
R,0x295d7bbf
R,0x295d7bc3
W,0x295d7bbb,69
W,0x295d7bc3,149
R,0x295d7bc7
W,0x295d7bbf,35
W,0x295d7bc7,153
R,0x295d7bcb
W,0x295d7bc3,109
W,0x295d7bcb,149
R,0x295d7bcf
R,0x295d7bd3
R,0x295d7bd7
W,0x295d7bc7,79
W,0x295d7bd7,153
R,0x295d7bdb
W,0x295d7bcb,32
W,0x295d7bdb,149
R,0x295d7bdf
W,0x295d7bcf,25
W,0x295d7bdf,168
R,0x295d7be3
W,0x295d7bd3,124
W,0x295d7be3,140
R,0x295d7be7
W,0x295d7bd7,126
W,0x295d7beb,153
R,0x295d7bab
W,0x295d7bab,67
W,0x295d7bab,67
R,0x295d7baf
W,0x295d7baf,37
W,0x295d7baf,37
R,0x295d7bb3
W,0x295d7bb3,17
W,0x295d7bb3,17
R,0x295d7bb7
W,0x295d7bb7,18
W,0x295d7bb7,18
R,0x295d7bbb
W,0x295d7bbb,69
W,0x295d7bbb,69
R,0x295d7bbf
W,0x295d7bbf,35
W,0x295d7bbf,35
R,0x295d7bc3
W,0x295d7bc3,109
W,0x295d7bc3,109
R,0x295d7bc7
W,0x295d7bc7,79
W,0x295d7bc7,79
R,0x295d7bcb
W,0x295d7bcb,32
W,0x295d7bcb,32
R,0x295d7bcf
W,0x295d7bcf,25
W,0x295d7bcf,25
W,0x295d7bd3,124
W,0x295d7bd3,124
R,0x295d7bab
R,0x295d7baf
R,0x295d7bb3
W,0x295d7bab,17
W,0x295d7bb3,67
R,0x295d7bb7
W,0x295d7baf,18
W,0x295d7bb7,37
R,0x295d7bbb
R,0x295d7bbf
R,0x295d7bc3
R,0x295d7bc7
R,0x295d7bcb
W,0x295d7bb3,25
W,0x295d7bcf,67
R,0x295d7bab
W,0x295d7bab,17
W,0x295d7bab,17
W,0x295d7baf,18
W,0x295d7baf,18
R,0x295d7bb7
W,0x295d7bb7,37
W,0x295d7bb7,37
R,0x295d7bbb
R,0x295d7bbf
W,0x295d7bbb,35
W,0x295d7bbf,69
R,0x295d7bc3
R,0x295d7bc7
R,0x295d7bcb
W,0x295d7bbf,32
W,0x295d7bcb,69
W,0x295d7bc3,67
W,0x295d7bcf,109
R,0x295d7bb7
R,0x295d7bbb
W,0x295d7bb7,32
W,0x295d7bbf,37
R,0x295d7bbb
W,0x295d7bbb,35
W,0x295d7bbb,35
W,0x295d7bbf,37
W,0x295d7bbf,37
R,0x295d7bc7
W,0x295d7bc7,79
W,0x295d7bc7,79
R,0x295d7bcb
W,0x295d7bcb,69
W,0x295d7bcb,69
W,0x295d7bcf,109
W,0x295d7bcf,109
R,0x295d7bc7
W,0x295d7bc7,69
W,0x295d7bcb,79
R,0x295d7bdb
W,0x295d7bdb,149
W,0x295d7bdb,149
R,0x295d7bdf
R,0x295d7be3
W,0x295d7bdf,140
W,0x295d7be3,168
R,0x295d7be7
W,0x295d7be3,153
W,0x295d7beb,168
R,0x295d7bdb
W,0x295d7bdb,140
W,0x295d7bdf,149
R,0x295d7be7
W,0x295d7be7,168
W,0x295d7beb,178
R,0x295d7bf3
W,0x295d7bf3,211
W,0x295d7bf3,211
W,0x295d7bf7,229
W,0x295d7bf7,229
R,0x295d7bff
R,0x295d7c03
R,0x295d7c07
W,0x295d7bff,310
W,0x295d7c07,444
R,0x295d7c0b
R,0x295d7c0f
W,0x295d7c03,285
W,0x295d7c0f,427
R,0x295d7c13
R,0x295d7c17
W,0x295d7c07,265
W,0x295d7c17,444
R,0x295d7c1b
W,0x295d7c0b,301
W,0x295d7c1b,432
R,0x295d7c1f
W,0x295d7c0f,350
W,0x295d7c1f,427
R,0x295d7c23
W,0x295d7c13,247
W,0x295d7c23,414
R,0x295d7c27
W,0x295d7c17,333
W,0x295d7c27,444
R,0x295d7c2b
R,0x295d7c2f
W,0x295d7c1b,253
W,0x295d7c2f,432
R,0x295d7c33
R,0x295d7c37
W,0x295d7c1f,291
W,0x295d7c37,427
R,0x295d7c3b
W,0x295d7c23,254
W,0x295d7c3b,414
R,0x295d7c3f
W,0x295d7c27,265
W,0x295d7c3f,444
R,0x295d7c43
W,0x295d7c2b,313
W,0x295d7c43,444
R,0x295d7c47
W,0x295d7c2f,329
W,0x295d7c47,432
R,0x295d7c4b
R,0x295d7c4f
W,0x295d7c33,241
W,0x295d7c4f,375
R,0x295d7c53
W,0x295d7c37,346
W,0x295d7c53,427
R,0x295d7c57
W,0x295d7c3b,333
W,0x295d7c57,414
R,0x295d7c5b
W,0x295d7c3f,351
W,0x295d7c5b,444
R,0x295d7c5f
W,0x295d7c43,258
W,0x295d7c5f,444
W,0x295d7c47,355
W,0x295d7c63,432
R,0x295d7bff
R,0x295d7c03
R,0x295d7c07
R,0x295d7c0b
R,0x295d7c0f
R,0x295d7c13
W,0x295d7bff,247
W,0x295d7c13,310
R,0x295d7c17
R,0x295d7c1b
W,0x295d7c03,253
W,0x295d7c1b,285
R,0x295d7c1f
R,0x295d7c23
W,0x295d7c07,254
W,0x295d7c23,265
R,0x295d7c27
R,0x295d7c2b
R,0x295d7c2f
R,0x295d7c33
W,0x295d7c0b,241
W,0x295d7c33,301
R,0x295d7c37
R,0x295d7c3b
R,0x295d7c3f
W,0x295d7c0f,258
W,0x295d7c43,350
R,0x295d7bff
R,0x295d7c03
R,0x295d7c07
W,0x295d7bff,241
W,0x295d7c0b,247
R,0x295d7c03
R,0x295d7c07
W,0x295d7c03,247
W,0x295d7c0b,253
R,0x295d7c07
W,0x295d7c07,253
W,0x295d7c0b,254
R,0x295d7c13
W,0x295d7c13,310
W,0x295d7c13,310
R,0x295d7c17
W,0x295d7c17,333
W,0x295d7c17,333
R,0x295d7c1b
W,0x295d7c1b,285
W,0x295d7c1b,285
R,0x295d7c1f
W,0x295d7c1f,291
W,0x295d7c1f,291
R,0x295d7c23
W,0x295d7c23,265
W,0x295d7c23,265
R,0x295d7c27
W,0x295d7c27,265
W,0x295d7c27,265
R,0x295d7c2b
W,0x295d7c2b,313
W,0x295d7c2b,313
R,0x295d7c2f
W,0x295d7c2f,329
W,0x295d7c2f,329
R,0x295d7c33
W,0x295d7c33,301
W,0x295d7c33,301
R,0x295d7c37
W,0x295d7c37,346
W,0x295d7c37,346
R,0x295d7c3b
W,0x295d7c3b,333
W,0x295d7c3b,333
R,0x295d7c3f
W,0x295d7c3f,350
W,0x295d7c43,351
R,0x295d7c13
W,0x295d7c13,310
W,0x295d7c13,310
R,0x295d7c17
R,0x295d7c1b
W,0x295d7c17,285
W,0x295d7c1b,333
R,0x295d7c1f
W,0x295d7c1b,291
W,0x295d7c1f,333
R,0x295d7c23
W,0x295d7c1f,265
W,0x295d7c23,333
R,0x295d7c27
W,0x295d7c23,265
W,0x295d7c27,333
R,0x295d7c2b
W,0x295d7c27,313
W,0x295d7c2b,333
R,0x295d7c2f
W,0x295d7c2b,329
W,0x295d7c2f,333
R,0x295d7c33
W,0x295d7c2f,301
W,0x295d7c33,333
R,0x295d7c37
W,0x295d7c33,333
W,0x295d7c3b,333
R,0x295d7c13
R,0x295d7c17
W,0x295d7c13,285
W,0x295d7c17,310
R,0x295d7c1b
W,0x295d7c17,291
W,0x295d7c1b,310
R,0x295d7c1f
W,0x295d7c1b,265
W,0x295d7c1f,310
R,0x295d7c23
W,0x295d7c1f,265
W,0x295d7c23,310
R,0x295d7c27
R,0x295d7c2b
W,0x295d7c23,301
W,0x295d7c2f,310
R,0x295d7c13
R,0x295d7c17
R,0x295d7c1b
W,0x295d7c13,265
W,0x295d7c1f,285
R,0x295d7c17
R,0x295d7c1b
W,0x295d7c17,265
W,0x295d7c1b,291
W,0x295d7c1b,285
W,0x295d7c1f,291
R,0x295d7c27
R,0x295d7c2b
W,0x295d7c27,310
W,0x295d7c2f,313
R,0x295d7c2b
W,0x295d7c2b,313
W,0x295d7c2f,329
R,0x295d7c37
W,0x295d7c37,333
W,0x295d7c3b,346
R,0x295d7c4b
W,0x295d7c4b,356
W,0x295d7c4b,356
R,0x295d7c4f
W,0x295d7c4f,375
W,0x295d7c4f,375
R,0x295d7c53
W,0x295d7c53,427
W,0x295d7c53,427
R,0x295d7c57
W,0x295d7c57,414
W,0x295d7c57,414
R,0x295d7c5b
R,0x295d7c5f
W,0x295d7c5b,432
W,0x295d7c63,444
R,0x295d7c4b
W,0x295d7c4b,356
W,0x295d7c4b,356
R,0x295d7c4f
W,0x295d7c4f,375
W,0x295d7c4f,375
R,0x295d7c53
W,0x295d7c53,414
W,0x295d7c57,427
R,0x295d7c4b
W,0x295d7c4b,356
W,0x295d7c4b,356
W,0x295d7c4f,375
W,0x295d7c4f,375
R,0x295d7c5f
W,0x295d7c5f,444
W,0x295d7c63,444
R,0x295d7c6b
R,0x295d7c6f
W,0x295d7c6b,545
W,0x295d7c6f,703
R,0x295d7c73
R,0x295d7c77
W,0x295d7c6f,702
W,0x295d7c77,703
R,0x295d7c7b
R,0x295d7c7f
R,0x295d7c83
R,0x295d7c87
W,0x295d7c73,593
W,0x295d7c87,902
R,0x295d7c8b
R,0x295d7c8f
W,0x295d7c77,541
W,0x295d7c8f,703
R,0x295d7c93
W,0x295d7c7b,701
W,0x295d7c93,963
R,0x295d7c97
W,0x295d7c7f,512
W,0x295d7c97,781
R,0x295d7c9b
W,0x295d7c83,486
W,0x295d7c9b,931
R,0x295d7c9f
R,0x295d7ca3
W,0x295d7c87,564
W,0x295d7ca3,902
R,0x295d7ca7
W,0x295d7c8b,571
W,0x295d7ca7,891
R,0x295d7cab
W,0x295d7c8f,452
W,0x295d7cab,703
R,0x295d7caf
W,0x295d7c93,701
W,0x295d7caf,963
R,0x295d7cb3
W,0x295d7c97,474
W,0x295d7cb3,781
R,0x295d7cb7
R,0x295d7cbb
R,0x295d7cbf
R,0x295d7cc3
W,0x295d7c9b,604
W,0x295d7cc3,931
R,0x295d7cc7
R,0x295d7ccb
R,0x295d7ccf
R,0x295d7cd3
R,0x295d7cd7
R,0x295d7cdb
W,0x295d7c9f,551
W,0x295d7cdb,857
R,0x295d7cdf
W,0x295d7ca3,529
W,0x295d7cdf,902
R,0x295d7ce3
R,0x295d7ce7
R,0x295d7ceb
W,0x295d7ca7,654
W,0x295d7ceb,891
R,0x295d7cef
R,0x295d7cf3
W,0x295d7cab,578
W,0x295d7cf3,703
R,0x295d7cf7
R,0x295d7cfb
W,0x295d7caf,633
W,0x295d7cfb,963
R,0x295d7cff
W,0x295d7cb3,483
W,0x295d7cff,781
R,0x295d7d03
W,0x295d7cb7,466
W,0x295d7d03,791
R,0x295d7d07
R,0x295d7d0b
W,0x295d7cbb,676
W,0x295d7d0b,813
R,0x295d7d0f
W,0x295d7cbf,495
W,0x295d7d0f,741
R,0x295d7d13
R,0x295d7d17
R,0x295d7d1b
R,0x295d7d1f
R,0x295d7d23
W,0x295d7cc3,573
W,0x295d7d23,931
R,0x295d7d27
R,0x295d7d2b
R,0x295d7d2f
R,0x295d7d33
W,0x295d7cc7,533
W,0x295d7d33,994
W,0x295d7ccb,703
W,0x295d7d37,760
R,0x295d7c6b
R,0x295d7c6f
R,0x295d7c73
R,0x295d7c77
R,0x295d7c7b
R,0x295d7c7f
W,0x295d7c6b,512
W,0x295d7c7f,545
R,0x295d7c83
W,0x295d7c6f,486
W,0x295d7c83,702
R,0x295d7c87
R,0x295d7c8b
R,0x295d7c8f
W,0x295d7c73,452
W,0x295d7c8f,593
R,0x295d7c93
R,0x295d7c97
W,0x295d7c77,474
W,0x295d7c97,541
R,0x295d7c9b
R,0x295d7c9f
R,0x295d7ca3
W,0x295d7c7b,529
W,0x295d7ca3,701
R,0x295d7ca7
R,0x295d7cab
R,0x295d7caf
R,0x295d7cb3
W,0x295d7c7f,483
W,0x295d7cb3,545
R,0x295d7cb7
W,0x295d7c83,466
W,0x295d7cb7,702
R,0x295d7cbb
R,0x295d7cbf
W,0x295d7c87,495
W,0x295d7cbf,564
R,0x295d7cc3
W,0x295d7c8b,533
W,0x295d7cc7,571
R,0x295d7c6b
R,0x295d7c6f
W,0x295d7c6b,486
W,0x295d7c6f,512
R,0x295d7c73
W,0x295d7c6f,452
W,0x295d7c73,512
R,0x295d7c77
W,0x295d7c73,474
W,0x295d7c77,512
R,0x295d7c7b
R,0x295d7c7f
W,0x295d7c77,483
W,0x295d7c7f,512
R,0x295d7c83
W,0x295d7c7b,466
W,0x295d7c83,529
W,0x295d7c7f,495
W,0x295d7c87,512
R,0x295d7c6b
R,0x295d7c6f
W,0x295d7c6b,452
W,0x295d7c6f,486
R,0x295d7c73
R,0x295d7c77
W,0x295d7c6f,466
W,0x295d7c7b,486
R,0x295d7c73
W,0x295d7c73,474
W,0x295d7c73,474
R,0x295d7c77
W,0x295d7c77,483
W,0x295d7c77,483
W,0x295d7c7b,486
W,0x295d7c7b,486
R,0x295d7c73
W,0x295d7c73,474
W,0x295d7c73,474
W,0x295d7c77,483
W,0x295d7c77,483
R,0x295d7c83
W,0x295d7c83,512
W,0x295d7c87,529
R,0x295d7c8f
R,0x295d7c93
R,0x295d7c97
W,0x295d7c8f,541
W,0x295d7c97,593
R,0x295d7c9b
R,0x295d7c9f
W,0x295d7c93,551
W,0x295d7c9f,701
R,0x295d7ca3
R,0x295d7ca7
R,0x295d7cab
R,0x295d7caf
R,0x295d7cb3
W,0x295d7c97,545
W,0x295d7cb3,593
R,0x295d7cb7
R,0x295d7cbb
R,0x295d7cbf
W,0x295d7c9b,564
W,0x295d7cbf,604
R,0x295d7cc3
W,0x295d7c9f,571
W,0x295d7cc7,701
R,0x295d7c8f
W,0x295d7c8f,541
W,0x295d7c8f,541
R,0x295d7c93
W,0x295d7c93,551
W,0x295d7c93,551
R,0x295d7c97
W,0x295d7c97,545
W,0x295d7c97,545
W,0x295d7c9b,564
W,0x295d7c9b,564
R,0x295d7c8f
W,0x295d7c8f,541
W,0x295d7c8f,541
R,0x295d7c93
W,0x295d7c93,545
W,0x295d7c97,551
R,0x295d7ca3
R,0x295d7ca7
W,0x295d7ca3,654
W,0x295d7ca7,701
R,0x295d7cab
W,0x295d7ca7,578
W,0x295d7cab,701
R,0x295d7caf
W,0x295d7cab,633
W,0x295d7caf,701
R,0x295d7cb3
W,0x295d7caf,593
W,0x295d7cb3,701
R,0x295d7cb7
R,0x295d7cbb
W,0x295d7cb3,676
W,0x295d7cbb,701
R,0x295d7cbf
W,0x295d7cb7,604
W,0x295d7cbf,702
R,0x295d7cc3
W,0x295d7cbb,573
W,0x295d7cc3,701
W,0x295d7cbf,701
W,0x295d7cc7,702
R,0x295d7ca3
R,0x295d7ca7
R,0x295d7cab
R,0x295d7caf
R,0x295d7cb3
R,0x295d7cb7
W,0x295d7ca3,573
W,0x295d7cbb,654
R,0x295d7ca7
W,0x295d7ca7,578
W,0x295d7ca7,578
R,0x295d7cab
W,0x295d7cab,633
W,0x295d7cab,633
R,0x295d7caf
W,0x295d7caf,593
W,0x295d7caf,593
R,0x295d7cb3
R,0x295d7cb7
W,0x295d7cb3,604
W,0x295d7cb7,676
W,0x295d7cb7,654
W,0x295d7cbb,676
R,0x295d7ca7
W,0x295d7ca7,578
W,0x295d7ca7,578
R,0x295d7cab
R,0x295d7caf
W,0x295d7cab,593
W,0x295d7caf,633
W,0x295d7caf,604
W,0x295d7cb3,633
R,0x295d7ca7
W,0x295d7ca7,578
W,0x295d7ca7,578
W,0x295d7cab,593
W,0x295d7cab,593
R,0x295d7cc3
W,0x295d7cc3,701
W,0x295d7cc3,701
W,0x295d7cc7,702
W,0x295d7cc7,702
R,0x295d7ccf
R,0x295d7cd3
R,0x295d7cd7
R,0x295d7cdb
R,0x295d7cdf
R,0x295d7ce3
R,0x295d7ce7
R,0x295d7ceb
R,0x295d7cef
W,0x295d7ccf,745
W,0x295d7cef,910
R,0x295d7cf3
W,0x295d7cd3,703
W,0x295d7cf3,792
R,0x295d7cf7
R,0x295d7cfb
R,0x295d7cff
R,0x295d7d03
R,0x295d7d07
R,0x295d7d0b
R,0x295d7d0f
W,0x295d7cd7,741
W,0x295d7d0f,976
R,0x295d7d13
R,0x295d7d17
R,0x295d7d1b
R,0x295d7d1f
R,0x295d7d23
R,0x295d7d27
W,0x295d7cdb,744
W,0x295d7d27,857
R,0x295d7d2b
W,0x295d7cdf,731
W,0x295d7d2b,902
R,0x295d7d2f
R,0x295d7d33
W,0x295d7ce3,760
W,0x295d7d37,807
R,0x295d7ccf
R,0x295d7cd3
W,0x295d7ccf,703
W,0x295d7cd3,745
R,0x295d7cd7
R,0x295d7cdb
W,0x295d7cd3,731
W,0x295d7cdf,745
R,0x295d7cd7
W,0x295d7cd7,741
W,0x295d7cd7,741
R,0x295d7cdb
W,0x295d7cdb,744
W,0x295d7cdb,744
W,0x295d7cdf,745
W,0x295d7cdf,745
R,0x295d7cd7
W,0x295d7cd7,741
W,0x295d7cd7,741
W,0x295d7cdb,744
W,0x295d7cdb,744
R,0x295d7ce7
R,0x295d7ceb
R,0x295d7cef
R,0x295d7cf3
W,0x295d7ce7,792
W,0x295d7cf3,939
R,0x295d7cf7
R,0x295d7cfb
R,0x295d7cff
W,0x295d7ceb,781
W,0x295d7cff,891
R,0x295d7d03
W,0x295d7cef,791
W,0x295d7d03,910
R,0x295d7d07
W,0x295d7cf3,768
W,0x295d7d07,939
R,0x295d7d0b
R,0x295d7d0f
R,0x295d7d13
R,0x295d7d17
R,0x295d7d1b
R,0x295d7d1f
R,0x295d7d23
R,0x295d7d27
R,0x295d7d2b
R,0x295d7d2f
R,0x295d7d33
W,0x295d7cf7,807
W,0x295d7d37,891
R,0x295d7ce7
R,0x295d7ceb
R,0x295d7cef
W,0x295d7ce7,768
W,0x295d7cf3,792
R,0x295d7ceb
W,0x295d7ceb,781
W,0x295d7ceb,781
R,0x295d7cef
W,0x295d7cef,791
W,0x295d7cef,791
W,0x295d7cf3,792
W,0x295d7cf3,792
R,0x295d7ceb
W,0x295d7ceb,781
W,0x295d7ceb,781
W,0x295d7cef,791
W,0x295d7cef,791
R,0x295d7cfb
R,0x295d7cff
R,0x295d7d03
R,0x295d7d07
R,0x295d7d0b
W,0x295d7cfb,813
W,0x295d7d0b,963
R,0x295d7d0f
R,0x295d7d13
R,0x295d7d17
R,0x295d7d1b
R,0x295d7d1f
R,0x295d7d23
R,0x295d7d27
W,0x295d7cff,857
W,0x295d7d27,891
R,0x295d7d2b
R,0x295d7d2f
R,0x295d7d33
W,0x295d7d03,891
W,0x295d7d37,910
R,0x295d7cfb
W,0x295d7cfb,813
W,0x295d7cfb,813
W,0x295d7cff,857
W,0x295d7cff,857
R,0x295d7d07
R,0x295d7d0b
R,0x295d7d0f
R,0x295d7d13
R,0x295d7d17
R,0x295d7d1b
R,0x295d7d1f
R,0x295d7d23
R,0x295d7d27
W,0x295d7d07,891
W,0x295d7d27,939
R,0x295d7d2b
W,0x295d7d0b,902
W,0x295d7d2b,963
R,0x295d7d2f
R,0x295d7d33
W,0x295d7d0f,910
W,0x295d7d37,976
R,0x295d7d07
W,0x295d7d07,891
W,0x295d7d07,891
W,0x295d7d0b,902
W,0x295d7d0b,902
R,0x295d7d13
W,0x295d7d13,940
W,0x295d7d13,940
R,0x295d7d17
W,0x295d7d17,931
W,0x295d7d17,931
R,0x295d7d1b
W,0x295d7d1b,914
W,0x295d7d1b,914
R,0x295d7d1f
R,0x295d7d23
W,0x295d7d1f,931
W,0x295d7d23,996
R,0x295d7d27
W,0x295d7d23,939
W,0x295d7d27,996
R,0x295d7d2b
W,0x295d7d27,963
W,0x295d7d2b,996
R,0x295d7d2f
R,0x295d7d33
W,0x295d7d2b,976
W,0x295d7d37,996
R,0x295d7d13
W,0x295d7d13,940
W,0x295d7d13,940
R,0x295d7d17
W,0x295d7d17,931
W,0x295d7d17,931
R,0x295d7d1b
W,0x295d7d1b,914
W,0x295d7d1b,914
R,0x295d7d1f
W,0x295d7d1f,931
W,0x295d7d1f,931
R,0x295d7d23
W,0x295d7d23,939
W,0x295d7d23,939
W,0x295d7d27,963
W,0x295d7d27,963
R,0x295d7d13
R,0x295d7d17
W,0x295d7d13,931
W,0x295d7d17,940
R,0x295d7d1b
W,0x295d7d17,914
W,0x295d7d1b,940
R,0x295d7d1f
W,0x295d7d1b,931
W,0x295d7d1f,940
W,0x295d7d1f,939
W,0x295d7d23,940
R,0x295d7d13
R,0x295d7d17
W,0x295d7d13,914
W,0x295d7d17,931
W,0x295d7d17,931
W,0x295d7d1b,931
R,0x295d7d2f
W,0x295d7d2f,993
W,0x295d7d2f,993
R,0x295d7d33
W,0x295d7d33,994
W,0x295d7d33,994
W,0x295d7d37,996
W,0x295d7d37,996
R,0x295d7d2f
W,0x295d7d2f,993
W,0x295d7d2f,993
W,0x295d7d33,994
W,0x295d7d33,994
