W,0x10000000,32
R,0x10000000
W,0x10001000,52
R,0x10001000
W,0x10002000,78
R,0x10002000
W,0x10003000,17
R,0x10003000
W,0x10004000,35
R,0x10004000
W,0x10005000,41
R,0x10005000
W,0x10006000,30
R,0x10006000
W,0x10007000,29
R,0x10007000
W,0x10008000,27
R,0x10008000
W,0x10009000,21
R,0x10009000
W,0x1000A000,32
R,0x1000A000
W,0x1000B000,14
R,0x1000B000
W,0x1000C000,46
R,0x1000C000
W,0x1000D000,11
R,0x1000D000
W,0x1000E000,63
R,0x1000E000
W,0x1000F000,38
R,0x1000F000
W,0x10010000,56
R,0x10010000
W,0x10011000,60
R,0x10011000
W,0x10012000,80
R,0x10012000
W,0x10013000,59
R,0x10013000
W,0x10014000,92
R,0x10014000
W,0x10015000,27
R,0x10015000
W,0x10016000,22
R,0x10016000
W,0x10017000,55
R,0x10017000
W,0x10018000,16
R,0x10018000
W,0x10019000,48
R,0x10019000
W,0x1001A000,17
R,0x1001A000
W,0x1001B000,90
R,0x1001B000
W,0x1001C000,69
R,0x1001C000
W,0x1001D000,23
R,0x1001D000
W,0x1001E000,34
R,0x1001E000
W,0x1001F000,77
R,0x1001F000
W,0x10020000,13
R,0x10020000
W,0x10021000,54
R,0x10021000
W,0x10022000,80
R,0x10022000
W,0x10023000,89
R,0x10023000
W,0x10024000,26
R,0x10024000
W,0x10025000,43
R,0x10025000
W,0x10026000,64
R,0x10026000
W,0x10027000,35
R,0x10027000
W,0x10028000,48
R,0x10028000
W,0x10029000,45
R,0x10029000
W,0x1002A000,34
R,0x1002A000
W,0x1002B000,76
R,0x1002B000
W,0x1002C000,12
R,0x1002C000
W,0x1002D000,10
R,0x1002D000
W,0x1002E000,79
R,0x1002E000
W,0x1002F000,22
R,0x1002F000
W,0x10030000,47
R,0x10030000
W,0x10031000,18
R,0x10031000
W,0x10032000,43
R,0x10032000
W,0x10033000,54
R,0x10033000
W,0x10034000,75
R,0x10034000
W,0x10035000,33
R,0x10035000
W,0x10036000,89
R,0x10036000
W,0x10037000,27
R,0x10037000
W,0x10038000,53
R,0x10038000
W,0x10039000,28
R,0x10039000
W,0x1003A000,15
R,0x1003A000
W,0x1003B000,80
R,0x1003B000
W,0x1003C000,75
R,0x1003C000
W,0x1003D000,55
R,0x1003D000
W,0x1003E000,42
R,0x1003E000
W,0x1003F000,81
R,0x1003F000
W,0x10040000,60
R,0x10040000
W,0x10041000,27
R,0x10041000
W,0x10042000,40
R,0x10042000
W,0x10043000,23
R,0x10043000
W,0x10044000,34
R,0x10044000
W,0x10045000,74
R,0x10045000
W,0x10046000,10
R,0x10046000
W,0x10047000,53
R,0x10047000
W,0x10048000,97
R,0x10048000
W,0x10049000,26
R,0x10049000
W,0x1004A000,67
R,0x1004A000
W,0x1004B000,37
R,0x1004B000
W,0x1004C000,45
R,0x1004C000
W,0x1004D000,11
R,0x1004D000
W,0x1004E000,100
R,0x1004E000
W,0x1004F000,13
R,0x1004F000
W,0x10050000,85
R,0x10050000
W,0x10051000,18
R,0x10051000
W,0x10052000,75
R,0x10052000
W,0x10053000,43
R,0x10053000
W,0x10054000,17
R,0x10054000
W,0x10055000,94
R,0x10055000
W,0x10056000,90
R,0x10056000
W,0x10057000,97
R,0x10057000
W,0x10058000,67
R,0x10058000
W,0x10059000,47
R,0x10059000
W,0x1005A000,48
R,0x1005A000
W,0x1005B000,86
R,0x1005B000
W,0x1005C000,62
R,0x1005C000
W,0x1005D000,23
R,0x1005D000
W,0x1005E000,20
R,0x1005E000
W,0x1005F000,23
R,0x1005F000
W,0x10060000,25
R,0x10060000
W,0x10061000,90
R,0x10061000
W,0x10062000,37
R,0x10062000
W,0x10063000,34
R,0x10063000
W,0x10064000,65
R,0x10064000
W,0x10065000,31
R,0x10065000
W,0x10066000,61
R,0x10066000
W,0x10067000,64
R,0x10067000
W,0x10068000,49
R,0x10068000
W,0x10069000,17
R,0x10069000
W,0x1006A000,67
R,0x1006A000
W,0x1006B000,40
R,0x1006B000
W,0x1006C000,86
R,0x1006C000
W,0x1006D000,12
R,0x1006D000
W,0x1006E000,40
R,0x1006E000
W,0x1006F000,33
R,0x1006F000
W,0x10070000,87
R,0x10070000
W,0x10071000,90
R,0x10071000
W,0x10072000,50
R,0x10072000
W,0x10073000,64
R,0x10073000
W,0x10074000,75
R,0x10074000
W,0x10075000,35
R,0x10075000
W,0x10076000,100
R,0x10076000
W,0x10077000,42
R,0x10077000
W,0x10078000,15
R,0x10078000
W,0x10079000,99
R,0x10079000
W,0x1007A000,68
R,0x1007A000
W,0x1007B000,51
R,0x1007B000
W,0x1007C000,52
R,0x1007C000
W,0x1007D000,66
R,0x1007D000
W,0x1007E000,74
R,0x1007E000
W,0x1007F000,78
R,0x1007F000
W,0x10080000,31
R,0x10080000
W,0x10081000,39
R,0x10081000
W,0x10082000,17
R,0x10082000
W,0x10083000,21
R,0x10083000
W,0x10084000,54
R,0x10084000
W,0x10085000,93
R,0x10085000
W,0x10086000,20
R,0x10086000
W,0x10087000,10
R,0x10087000
W,0x10088000,14
R,0x10088000
W,0x10089000,81
R,0x10089000
W,0x1008A000,75
R,0x1008A000
W,0x1008B000,81
R,0x1008B000
W,0x1008C000,85
R,0x1008C000
W,0x1008D000,62
R,0x1008D000
W,0x1008E000,39
R,0x1008E000
W,0x1008F000,90
R,0x1008F000
W,0x10090000,56
R,0x10090000
W,0x10091000,63
R,0x10091000
W,0x10092000,88
R,0x10092000
W,0x10093000,38
R,0x10093000
W,0x10094000,68
R,0x10094000
W,0x10095000,89
R,0x10095000
W,0x10096000,83
R,0x10096000
W,0x10097000,59
R,0x10097000
W,0x10098000,65
R,0x10098000
W,0x10099000,81
R,0x10099000
W,0x1009A000,59
R,0x1009A000
W,0x1009B000,78
R,0x1009B000
W,0x1009C000,26
R,0x1009C000
W,0x1009D000,24
R,0x1009D000
W,0x1009E000,51
R,0x1009E000
W,0x1009F000,70
R,0x1009F000
W,0x100A0000,81
R,0x100A0000
W,0x100A1000,57
R,0x100A1000
W,0x100A2000,69
R,0x100A2000
W,0x100A3000,15
R,0x100A3000
W,0x100A4000,82
R,0x100A4000
W,0x100A5000,93
R,0x100A5000
W,0x100A6000,14
R,0x100A6000
W,0x100A7000,32
R,0x100A7000
W,0x100A8000,33
R,0x100A8000
W,0x100A9000,36
R,0x100A9000
W,0x100AA000,32
R,0x100AA000
W,0x100AB000,85
R,0x100AB000
W,0x100AC000,19
R,0x100AC000
W,0x100AD000,66
R,0x100AD000
W,0x100AE000,18
R,0x100AE000
W,0x100AF000,76
R,0x100AF000
W,0x100B0000,51
R,0x100B0000
W,0x100B1000,82
R,0x100B1000
W,0x100B2000,37
R,0x100B2000
W,0x100B3000,65
R,0x100B3000
W,0x100B4000,25
R,0x100B4000
W,0x100B5000,74
R,0x100B5000
W,0x100B6000,28
R,0x100B6000
W,0x100B7000,59
R,0x100B7000
W,0x100B8000,42
R,0x100B8000
W,0x100B9000,71
R,0x100B9000
W,0x100BA000,40
R,0x100BA000
W,0x100BB000,70
R,0x100BB000
W,0x100BC000,94
R,0x100BC000
W,0x100BD000,36
R,0x100BD000
W,0x100BE000,22
R,0x100BE000
W,0x100BF000,96
R,0x100BF000
W,0x100C0000,66
R,0x100C0000
W,0x100C1000,88
R,0x100C1000
W,0x100C2000,16
R,0x100C2000
W,0x100C3000,13
R,0x100C3000
W,0x100C4000,77
R,0x100C4000
W,0x100C5000,37
R,0x100C5000
W,0x100C6000,21
R,0x100C6000
W,0x100C7000,87
R,0x100C7000
W,0x100C8000,53
R,0x100C8000
W,0x100C9000,75
R,0x100C9000
W,0x100CA000,100
R,0x100CA000
W,0x100CB000,23
R,0x100CB000
W,0x100CC000,39
R,0x100CC000
W,0x100CD000,99
R,0x100CD000
W,0x100CE000,75
R,0x100CE000
W,0x100CF000,29
R,0x100CF000
W,0x100D0000,27
R,0x100D0000
W,0x100D1000,26
R,0x100D1000
W,0x100D2000,48
R,0x100D2000
W,0x100D3000,43
R,0x100D3000
W,0x100D4000,61
R,0x100D4000
W,0x100D5000,13
R,0x100D5000
W,0x100D6000,75
R,0x100D6000
W,0x100D7000,80
R,0x100D7000
W,0x100D8000,27
R,0x100D8000
W,0x100D9000,81
R,0x100D9000
W,0x100DA000,67
R,0x100DA000
W,0x100DB000,83
R,0x100DB000
W,0x100DC000,83
R,0x100DC000
W,0x100DD000,48
R,0x100DD000
W,0x100DE000,10
R,0x100DE000
W,0x100DF000,71
R,0x100DF000
W,0x100E0000,52
R,0x100E0000
W,0x100E1000,14
R,0x100E1000
W,0x100E2000,92
R,0x100E2000
W,0x100E3000,27
R,0x100E3000
W,0x100E4000,54
R,0x100E4000
W,0x100E5000,53
R,0x100E5000
W,0x100E6000,93
R,0x100E6000
W,0x100E7000,65
R,0x100E7000
W,0x100E8000,82
R,0x100E8000
W,0x100E9000,41
R,0x100E9000
W,0x100EA000,33
R,0x100EA000
W,0x100EB000,37
R,0x100EB000
W,0x100EC000,32
R,0x100EC000
W,0x100ED000,17
R,0x100ED000
W,0x100EE000,48
R,0x100EE000
W,0x100EF000,99
R,0x100EF000
W,0x100F0000,79
R,0x100F0000
W,0x100F1000,70
R,0x100F1000
W,0x100F2000,65
R,0x100F2000
W,0x100F3000,35
R,0x100F3000
W,0x100F4000,11
R,0x100F4000
W,0x100F5000,11
R,0x100F5000
W,0x100F6000,83
R,0x100F6000
W,0x100F7000,85
R,0x100F7000
W,0x100F8000,87
R,0x100F8000
W,0x100F9000,77
R,0x100F9000
W,0x100FA000,31
R,0x100FA000
W,0x100FB000,16
R,0x100FB000
W,0x100FC000,92
R,0x100FC000
W,0x100FD000,25
R,0x100FD000
W,0x100FE000,81
R,0x100FE000
W,0x100FF000,83
R,0x100FF000
W,0x10100000,95
R,0x10100000
W,0x10101000,19
R,0x10101000
W,0x10102000,89
R,0x10102000
W,0x10103000,77
R,0x10103000
W,0x10104000,84
R,0x10104000
W,0x10105000,49
R,0x10105000
W,0x10106000,11
R,0x10106000
W,0x10107000,54
R,0x10107000
W,0x10108000,76
R,0x10108000
W,0x10109000,88
R,0x10109000
W,0x1010A000,29
R,0x1010A000
W,0x1010B000,71
R,0x1010B000
W,0x1010C000,54
R,0x1010C000
W,0x1010D000,65
R,0x1010D000
W,0x1010E000,32
R,0x1010E000
W,0x1010F000,42
R,0x1010F000
W,0x10110000,36
R,0x10110000
W,0x10111000,81
R,0x10111000
W,0x10112000,28
R,0x10112000
W,0x10113000,12
R,0x10113000
W,0x10114000,21
R,0x10114000
W,0x10115000,83
R,0x10115000
W,0x10116000,86
R,0x10116000
W,0x10117000,96
R,0x10117000
W,0x10118000,97
R,0x10118000
W,0x10119000,100
R,0x10119000
W,0x1011A000,66
R,0x1011A000
W,0x1011B000,91
R,0x1011B000
W,0x1011C000,61
R,0x1011C000
W,0x1011D000,39
R,0x1011D000
W,0x1011E000,58
R,0x1011E000
W,0x1011F000,88
R,0x1011F000
W,0x10120000,60
R,0x10120000
W,0x10121000,44
R,0x10121000
W,0x10122000,91
R,0x10122000
W,0x10123000,56
R,0x10123000
W,0x10124000,81
R,0x10124000
W,0x10125000,82
R,0x10125000
W,0x10126000,26
R,0x10126000
W,0x10127000,90
R,0x10127000
W,0x10128000,59
R,0x10128000
W,0x10129000,60
R,0x10129000
W,0x1012A000,81
R,0x1012A000
W,0x1012B000,79
R,0x1012B000
W,0x1012C000,27
R,0x1012C000
W,0x1012D000,85
R,0x1012D000
W,0x1012E000,24
R,0x1012E000
W,0x1012F000,41
R,0x1012F000
W,0x10130000,92
R,0x10130000
W,0x10131000,44
R,0x10131000
W,0x10132000,58
R,0x10132000
W,0x10133000,99
R,0x10133000
W,0x10134000,99
R,0x10134000
W,0x10135000,15
R,0x10135000
W,0x10136000,43
R,0x10136000
W,0x10137000,31
R,0x10137000
W,0x10138000,94
R,0x10138000
W,0x10139000,35
R,0x10139000
W,0x1013A000,99
R,0x1013A000
W,0x1013B000,87
R,0x1013B000
W,0x1013C000,22
R,0x1013C000
W,0x1013D000,64
R,0x1013D000
W,0x1013E000,99
R,0x1013E000
W,0x1013F000,37
R,0x1013F000
W,0x10140000,68
R,0x10140000
W,0x10141000,51
R,0x10141000
W,0x10142000,97
R,0x10142000
W,0x10143000,34
R,0x10143000
W,0x10144000,56
R,0x10144000
W,0x10145000,27
R,0x10145000
W,0x10146000,78
R,0x10146000
W,0x10147000,14
R,0x10147000
W,0x10148000,16
R,0x10148000
W,0x10149000,81
R,0x10149000
W,0x1014A000,70
R,0x1014A000
W,0x1014B000,88
R,0x1014B000
W,0x1014C000,59
R,0x1014C000
W,0x1014D000,56
R,0x1014D000
W,0x1014E000,42
R,0x1014E000
W,0x1014F000,20
R,0x1014F000
W,0x10150000,68
R,0x10150000
W,0x10151000,24
R,0x10151000
W,0x10152000,19
R,0x10152000
W,0x10153000,82
R,0x10153000
W,0x10154000,36
R,0x10154000
W,0x10155000,30
R,0x10155000
W,0x10156000,25
R,0x10156000
W,0x10157000,85
R,0x10157000
W,0x10158000,89
R,0x10158000
W,0x10159000,72
R,0x10159000
W,0x1015A000,77
R,0x1015A000
W,0x1015B000,36
R,0x1015B000
W,0x1015C000,82
R,0x1015C000
W,0x1015D000,29
R,0x1015D000
W,0x1015E000,34
R,0x1015E000
W,0x1015F000,56
R,0x1015F000
W,0x10160000,16
R,0x10160000
W,0x10161000,80
R,0x10161000
W,0x10162000,42
R,0x10162000
W,0x10163000,85
R,0x10163000
W,0x10164000,58
R,0x10164000
W,0x10165000,69
R,0x10165000
W,0x10166000,28
R,0x10166000
W,0x10167000,92
R,0x10167000
W,0x10168000,27
R,0x10168000
W,0x10169000,98
R,0x10169000
W,0x1016A000,31
R,0x1016A000
W,0x1016B000,35
R,0x1016B000
W,0x1016C000,65
R,0x1016C000
W,0x1016D000,90
R,0x1016D000
W,0x1016E000,85
R,0x1016E000
W,0x1016F000,37
R,0x1016F000
W,0x10170000,31
R,0x10170000
W,0x10171000,22
R,0x10171000
W,0x10172000,17
R,0x10172000
W,0x10173000,31
R,0x10173000
W,0x10174000,95
R,0x10174000
W,0x10175000,86
R,0x10175000
W,0x10176000,31
R,0x10176000
W,0x10177000,19
R,0x10177000
W,0x10178000,73
R,0x10178000
W,0x10179000,67
R,0x10179000
W,0x1017A000,59
R,0x1017A000
W,0x1017B000,42
R,0x1017B000
W,0x1017C000,54
R,0x1017C000
W,0x1017D000,76
R,0x1017D000
W,0x1017E000,85
R,0x1017E000
W,0x1017F000,88
R,0x1017F000
W,0x10180000,57
R,0x10180000
W,0x10181000,53
R,0x10181000
W,0x10182000,36
R,0x10182000
W,0x10183000,15
R,0x10183000
W,0x10184000,70
R,0x10184000
W,0x10185000,38
R,0x10185000
W,0x10186000,28
R,0x10186000
W,0x10187000,17
R,0x10187000
W,0x10188000,25
R,0x10188000
W,0x10189000,81
R,0x10189000
W,0x1018A000,30
R,0x1018A000
W,0x1018B000,36
R,0x1018B000
W,0x1018C000,31
R,0x1018C000
W,0x1018D000,34
R,0x1018D000
W,0x1018E000,80
R,0x1018E000
W,0x1018F000,35
R,0x1018F000
W,0x10190000,63
R,0x10190000
W,0x10191000,73
R,0x10191000
W,0x10192000,38
R,0x10192000
W,0x10193000,60
R,0x10193000
W,0x10194000,34
R,0x10194000
W,0x10195000,52
R,0x10195000
W,0x10196000,30
R,0x10196000
W,0x10197000,66
R,0x10197000
W,0x10198000,98
R,0x10198000
W,0x10199000,85
R,0x10199000
W,0x1019A000,86
R,0x1019A000
W,0x1019B000,44
R,0x1019B000
W,0x1019C000,94
R,0x1019C000
W,0x1019D000,93
R,0x1019D000
W,0x1019E000,63
R,0x1019E000
W,0x1019F000,52
R,0x1019F000
W,0x101A0000,61
R,0x101A0000
W,0x101A1000,64
R,0x101A1000
W,0x101A2000,30
R,0x101A2000
W,0x101A3000,18
R,0x101A3000
W,0x101A4000,94
R,0x101A4000
W,0x101A5000,34
R,0x101A5000
W,0x101A6000,29
R,0x101A6000
W,0x101A7000,31
R,0x101A7000
W,0x101A8000,98
R,0x101A8000
W,0x101A9000,38
R,0x101A9000
W,0x101AA000,97
R,0x101AA000
W,0x101AB000,85
R,0x101AB000
W,0x101AC000,91
R,0x101AC000
W,0x101AD000,64
R,0x101AD000
W,0x101AE000,35
R,0x101AE000
W,0x101AF000,74
R,0x101AF000
W,0x101B0000,73
R,0x101B0000
W,0x101B1000,38
R,0x101B1000
W,0x101B2000,20
R,0x101B2000
W,0x101B3000,19
R,0x101B3000
W,0x101B4000,94
R,0x101B4000
W,0x101B5000,97
R,0x101B5000
W,0x101B6000,95
R,0x101B6000
W,0x101B7000,97
R,0x101B7000
W,0x101B8000,18
R,0x101B8000
W,0x101B9000,99
R,0x101B9000
W,0x101BA000,58
R,0x101BA000
W,0x101BB000,38
R,0x101BB000
W,0x101BC000,95
R,0x101BC000
W,0x101BD000,41
R,0x101BD000
W,0x101BE000,94
R,0x101BE000
W,0x101BF000,10
R,0x101BF000
W,0x101C0000,85
R,0x101C0000
W,0x101C1000,51
R,0x101C1000
W,0x101C2000,41
R,0x101C2000
W,0x101C3000,32
R,0x101C3000
W,0x101C4000,63
R,0x101C4000
W,0x101C5000,27
R,0x101C5000
W,0x101C6000,62
R,0x101C6000
W,0x101C7000,77
R,0x101C7000
W,0x101C8000,85
R,0x101C8000
W,0x101C9000,70
R,0x101C9000
W,0x101CA000,99
R,0x101CA000
W,0x101CB000,82
R,0x101CB000
W,0x101CC000,87
R,0x101CC000
W,0x101CD000,33
R,0x101CD000
W,0x101CE000,72
R,0x101CE000
W,0x101CF000,55
R,0x101CF000
W,0x101D0000,57
R,0x101D0000
W,0x101D1000,53
R,0x101D1000
W,0x101D2000,24
R,0x101D2000
W,0x101D3000,75
R,0x101D3000
W,0x101D4000,20
R,0x101D4000
W,0x101D5000,50
R,0x101D5000
W,0x101D6000,51
R,0x101D6000
W,0x101D7000,45
R,0x101D7000
W,0x101D8000,10
R,0x101D8000
W,0x101D9000,86
R,0x101D9000
W,0x101DA000,70
R,0x101DA000
W,0x101DB000,89
R,0x101DB000
W,0x101DC000,82
R,0x101DC000
W,0x101DD000,37
R,0x101DD000
W,0x101DE000,41
R,0x101DE000
W,0x101DF000,17
R,0x101DF000
W,0x101E0000,24
R,0x101E0000
W,0x101E1000,28
R,0x101E1000
W,0x101E2000,97
R,0x101E2000
W,0x101E3000,24
R,0x101E3000
W,0x101E4000,12
R,0x101E4000
W,0x101E5000,65
R,0x101E5000
W,0x101E6000,73
R,0x101E6000
W,0x101E7000,71
R,0x101E7000
W,0x101E8000,18
R,0x101E8000
W,0x101E9000,82
R,0x101E9000
W,0x101EA000,10
R,0x101EA000
W,0x101EB000,16
R,0x101EB000
W,0x101EC000,16
R,0x101EC000
W,0x101ED000,79
R,0x101ED000
W,0x101EE000,39
R,0x101EE000
W,0x101EF000,18
R,0x101EF000
W,0x101F0000,22
R,0x101F0000
W,0x101F1000,75
R,0x101F1000
W,0x101F2000,95
R,0x101F2000
W,0x101F3000,58
R,0x101F3000
W,0x101F4000,21
R,0x101F4000
W,0x101F5000,95
R,0x101F5000
W,0x101F6000,15
R,0x101F6000
W,0x101F7000,43
R,0x101F7000
W,0x101F8000,35
R,0x101F8000
W,0x101F9000,94
R,0x101F9000
W,0x101FA000,84
R,0x101FA000
W,0x101FB000,24
R,0x101FB000
W,0x101FC000,64
R,0x101FC000
W,0x101FD000,18
R,0x101FD000
W,0x101FE000,67
R,0x101FE000
W,0x101FF000,97
R,0x101FF000
W,0x10200000,18
R,0x10200000
W,0x10201000,18
R,0x10201000
W,0x10202000,24
R,0x10202000
W,0x10203000,84
R,0x10203000
W,0x10204000,70
R,0x10204000
W,0x10205000,41
R,0x10205000
W,0x10206000,76
R,0x10206000
W,0x10207000,85
R,0x10207000
W,0x10208000,75
R,0x10208000
W,0x10209000,85
R,0x10209000
W,0x1020A000,79
R,0x1020A000
W,0x1020B000,53
R,0x1020B000
W,0x1020C000,44
R,0x1020C000
W,0x1020D000,67
R,0x1020D000
W,0x1020E000,72
R,0x1020E000
W,0x1020F000,82
R,0x1020F000
W,0x10210000,89
R,0x10210000
W,0x10211000,80
R,0x10211000
W,0x10212000,35
R,0x10212000
W,0x10213000,14
R,0x10213000
W,0x10214000,26
R,0x10214000
W,0x10215000,56
R,0x10215000
W,0x10216000,63
R,0x10216000
W,0x10217000,25
R,0x10217000
W,0x10218000,89
R,0x10218000
W,0x10219000,62
R,0x10219000
W,0x1021A000,68
R,0x1021A000
W,0x1021B000,20
R,0x1021B000
W,0x1021C000,63
R,0x1021C000
W,0x1021D000,57
R,0x1021D000
W,0x1021E000,90
R,0x1021E000
W,0x1021F000,34
R,0x1021F000
W,0x10220000,75
R,0x10220000
W,0x10221000,61
R,0x10221000
W,0x10222000,60
R,0x10222000
W,0x10223000,22
R,0x10223000
W,0x10224000,15
R,0x10224000
W,0x10225000,31
R,0x10225000
W,0x10226000,28
R,0x10226000
W,0x10227000,21
R,0x10227000
W,0x10228000,58
R,0x10228000
W,0x10229000,71
R,0x10229000
W,0x1022A000,10
R,0x1022A000
W,0x1022B000,61
R,0x1022B000
W,0x1022C000,23
R,0x1022C000
W,0x1022D000,35
R,0x1022D000
W,0x1022E000,19
R,0x1022E000
W,0x1022F000,46
R,0x1022F000
W,0x10230000,80
R,0x10230000
W,0x10231000,100
R,0x10231000
W,0x10232000,97
R,0x10232000
W,0x10233000,78
R,0x10233000
W,0x10234000,80
R,0x10234000
W,0x10235000,38
R,0x10235000
W,0x10236000,19
R,0x10236000
W,0x10237000,49
R,0x10237000
W,0x10238000,64
R,0x10238000
W,0x10239000,90
R,0x10239000
W,0x1023A000,28
R,0x1023A000
W,0x1023B000,13
R,0x1023B000
W,0x1023C000,20
R,0x1023C000
W,0x1023D000,50
R,0x1023D000
W,0x1023E000,74
R,0x1023E000
W,0x1023F000,72
R,0x1023F000
W,0x10240000,13
R,0x10240000
W,0x10241000,21
R,0x10241000
W,0x10242000,30
R,0x10242000
W,0x10243000,28
R,0x10243000
W,0x10244000,34
R,0x10244000
W,0x10245000,45
R,0x10245000
W,0x10246000,42
R,0x10246000
W,0x10247000,16
R,0x10247000
W,0x10248000,83
R,0x10248000
W,0x10249000,30
R,0x10249000
W,0x1024A000,62
R,0x1024A000
W,0x1024B000,86
R,0x1024B000
W,0x1024C000,18
R,0x1024C000
W,0x1024D000,58
R,0x1024D000
W,0x1024E000,41
R,0x1024E000
W,0x1024F000,100
R,0x1024F000
W,0x10250000,82
R,0x10250000
W,0x10251000,98
R,0x10251000
W,0x10252000,21
R,0x10252000
W,0x10253000,70
R,0x10253000
W,0x10254000,72
R,0x10254000
W,0x10255000,40
R,0x10255000
W,0x10256000,75
R,0x10256000
W,0x10257000,11
R,0x10257000
W,0x10258000,71
R,0x10258000
W,0x10259000,42
R,0x10259000
W,0x1025A000,71
R,0x1025A000
W,0x1025B000,80
R,0x1025B000
W,0x1025C000,33
R,0x1025C000
W,0x1025D000,30
R,0x1025D000
W,0x1025E000,83
R,0x1025E000
W,0x1025F000,80
R,0x1025F000
W,0x10260000,33
R,0x10260000
W,0x10261000,22
R,0x10261000
W,0x10262000,58
R,0x10262000
W,0x10263000,76
R,0x10263000
W,0x10264000,25
R,0x10264000
W,0x10265000,20
R,0x10265000
W,0x10266000,25
R,0x10266000
W,0x10267000,69
R,0x10267000
W,0x10268000,54
R,0x10268000
W,0x10269000,73
R,0x10269000
W,0x1026A000,46
R,0x1026A000
W,0x1026B000,21
R,0x1026B000
W,0x1026C000,35
R,0x1026C000
W,0x1026D000,57
R,0x1026D000
W,0x1026E000,93
R,0x1026E000
W,0x1026F000,16
R,0x1026F000
W,0x10270000,50
R,0x10270000
W,0x10271000,32
R,0x10271000
W,0x10272000,86
R,0x10272000
W,0x10273000,50
R,0x10273000
W,0x10274000,26
R,0x10274000
W,0x10275000,36
R,0x10275000
W,0x10276000,59
R,0x10276000
W,0x10277000,61
R,0x10277000
W,0x10278000,69
R,0x10278000
W,0x10279000,44
R,0x10279000
W,0x1027A000,70
R,0x1027A000
W,0x1027B000,32
R,0x1027B000
W,0x1027C000,10
R,0x1027C000
W,0x1027D000,70
R,0x1027D000
W,0x1027E000,13
R,0x1027E000
W,0x1027F000,47
R,0x1027F000
W,0x10280000,49
R,0x10280000
W,0x10281000,97
R,0x10281000
W,0x10282000,47
R,0x10282000
W,0x10283000,19
R,0x10283000
W,0x10284000,34
R,0x10284000
W,0x10285000,93
R,0x10285000
W,0x10286000,10
R,0x10286000
W,0x10287000,53
R,0x10287000
W,0x10288000,72
R,0x10288000
W,0x10289000,37
R,0x10289000
W,0x1028A000,88
R,0x1028A000
W,0x1028B000,98
R,0x1028B000
W,0x1028C000,87
R,0x1028C000
W,0x1028D000,69
R,0x1028D000
W,0x1028E000,42
R,0x1028E000
W,0x1028F000,53
R,0x1028F000
W,0x10290000,56
R,0x10290000
W,0x10291000,79
R,0x10291000
W,0x10292000,22
R,0x10292000
W,0x10293000,50
R,0x10293000
W,0x10294000,70
R,0x10294000
W,0x10295000,52
R,0x10295000
W,0x10296000,55
R,0x10296000
W,0x10297000,52
R,0x10297000
W,0x10298000,99
R,0x10298000
W,0x10299000,70
R,0x10299000
W,0x1029A000,80
R,0x1029A000
W,0x1029B000,84
R,0x1029B000
W,0x1029C000,75
R,0x1029C000
W,0x1029D000,54
R,0x1029D000
W,0x1029E000,53
R,0x1029E000
W,0x1029F000,64
R,0x1029F000
W,0x102A0000,80
R,0x102A0000
W,0x102A1000,39
R,0x102A1000
W,0x102A2000,22
R,0x102A2000
W,0x102A3000,36
R,0x102A3000
W,0x102A4000,29
R,0x102A4000
W,0x102A5000,74
R,0x102A5000
W,0x102A6000,41
R,0x102A6000
W,0x102A7000,21
R,0x102A7000
W,0x102A8000,20
R,0x102A8000
W,0x102A9000,20
R,0x102A9000
W,0x102AA000,59
R,0x102AA000
W,0x102AB000,76
R,0x102AB000
W,0x102AC000,32
R,0x102AC000
W,0x102AD000,88
R,0x102AD000
W,0x102AE000,100
R,0x102AE000
W,0x102AF000,41
R,0x102AF000
W,0x102B0000,64
R,0x102B0000
W,0x102B1000,28
R,0x102B1000
W,0x102B2000,88
R,0x102B2000
W,0x102B3000,81
R,0x102B3000
W,0x102B4000,61
R,0x102B4000
W,0x102B5000,46
R,0x102B5000
W,0x102B6000,43
R,0x102B6000
W,0x102B7000,43
R,0x102B7000
W,0x102B8000,95
R,0x102B8000
W,0x102B9000,21
R,0x102B9000
W,0x102BA000,23
R,0x102BA000
W,0x102BB000,93
R,0x102BB000
W,0x102BC000,70
R,0x102BC000
W,0x102BD000,32
R,0x102BD000
W,0x102BE000,34
R,0x102BE000
W,0x102BF000,96
R,0x102BF000
W,0x102C0000,11
R,0x102C0000
W,0x102C1000,63
R,0x102C1000
W,0x102C2000,83
R,0x102C2000
W,0x102C3000,77
R,0x102C3000
W,0x102C4000,54
R,0x102C4000
W,0x102C5000,95
R,0x102C5000
W,0x102C6000,99
R,0x102C6000
W,0x102C7000,18
R,0x102C7000
W,0x102C8000,97
R,0x102C8000
W,0x102C9000,18
R,0x102C9000
W,0x102CA000,82
R,0x102CA000
W,0x102CB000,84
R,0x102CB000
W,0x102CC000,32
R,0x102CC000
W,0x102CD000,54
R,0x102CD000
W,0x102CE000,89
R,0x102CE000
W,0x102CF000,68
R,0x102CF000
W,0x102D0000,47
R,0x102D0000
W,0x102D1000,13
R,0x102D1000
W,0x102D2000,35
R,0x102D2000
W,0x102D3000,48
R,0x102D3000
W,0x102D4000,24
R,0x102D4000
W,0x102D5000,14
R,0x102D5000
W,0x102D6000,66
R,0x102D6000
W,0x102D7000,50
R,0x102D7000
W,0x102D8000,78
R,0x102D8000
W,0x102D9000,78
R,0x102D9000
W,0x102DA000,65
R,0x102DA000
W,0x102DB000,14
R,0x102DB000
W,0x102DC000,38
R,0x102DC000
W,0x102DD000,44
R,0x102DD000
W,0x102DE000,40
R,0x102DE000
W,0x102DF000,45
R,0x102DF000
W,0x102E0000,33
R,0x102E0000
W,0x102E1000,39
R,0x102E1000
W,0x102E2000,10
R,0x102E2000
W,0x102E3000,87
R,0x102E3000
W,0x102E4000,91
R,0x102E4000
W,0x102E5000,53
R,0x102E5000
W,0x102E6000,92
R,0x102E6000
W,0x102E7000,40
R,0x102E7000
W,0x102E8000,45
R,0x102E8000
W,0x102E9000,41
R,0x102E9000
W,0x102EA000,72
R,0x102EA000
W,0x102EB000,90
R,0x102EB000
W,0x102EC000,81
R,0x102EC000
W,0x102ED000,46
R,0x102ED000
W,0x102EE000,61
R,0x102EE000
W,0x102EF000,58
R,0x102EF000
W,0x102F0000,66
R,0x102F0000
W,0x102F1000,22
R,0x102F1000
W,0x102F2000,69
R,0x102F2000
W,0x102F3000,15
R,0x102F3000
W,0x102F4000,67
R,0x102F4000
W,0x102F5000,47
R,0x102F5000
W,0x102F6000,55
R,0x102F6000
W,0x102F7000,89
R,0x102F7000
W,0x102F8000,72
R,0x102F8000
W,0x102F9000,17
R,0x102F9000
W,0x102FA000,64
R,0x102FA000
W,0x102FB000,11
R,0x102FB000
W,0x102FC000,59
R,0x102FC000
W,0x102FD000,46
R,0x102FD000
W,0x102FE000,59
R,0x102FE000
W,0x102FF000,58
R,0x102FF000
W,0x10300000,37
R,0x10300000
W,0x10301000,66
R,0x10301000
W,0x10302000,92
R,0x10302000
W,0x10303000,27
R,0x10303000
W,0x10304000,45
R,0x10304000
W,0x10305000,92
R,0x10305000
W,0x10306000,22
R,0x10306000
W,0x10307000,14
R,0x10307000
W,0x10308000,13
R,0x10308000
W,0x10309000,43
R,0x10309000
W,0x1030A000,84
R,0x1030A000
W,0x1030B000,44
R,0x1030B000
W,0x1030C000,21
R,0x1030C000
W,0x1030D000,51
R,0x1030D000
W,0x1030E000,27
R,0x1030E000
W,0x1030F000,79
R,0x1030F000
W,0x10310000,84
R,0x10310000
W,0x10311000,25
R,0x10311000
W,0x10312000,73
R,0x10312000
W,0x10313000,46
R,0x10313000
W,0x10314000,25
R,0x10314000
W,0x10315000,81
R,0x10315000
W,0x10316000,15
R,0x10316000
W,0x10317000,74
R,0x10317000
W,0x10318000,73
R,0x10318000
W,0x10319000,60
R,0x10319000
W,0x1031A000,77
R,0x1031A000
W,0x1031B000,40
R,0x1031B000
W,0x1031C000,67
R,0x1031C000
W,0x1031D000,53
R,0x1031D000
W,0x1031E000,95
R,0x1031E000
W,0x1031F000,22
R,0x1031F000
W,0x10320000,80
R,0x10320000
W,0x10321000,36
R,0x10321000
W,0x10322000,82
R,0x10322000
W,0x10323000,28
R,0x10323000
W,0x10324000,38
R,0x10324000
W,0x10325000,85
R,0x10325000
W,0x10326000,40
R,0x10326000
W,0x10327000,60
R,0x10327000
W,0x10328000,78
R,0x10328000
W,0x10329000,67
R,0x10329000
W,0x1032A000,35
R,0x1032A000
W,0x1032B000,62
R,0x1032B000
W,0x1032C000,74
R,0x1032C000
W,0x1032D000,27
R,0x1032D000
W,0x1032E000,16
R,0x1032E000
W,0x1032F000,37
R,0x1032F000
W,0x10330000,20
R,0x10330000
W,0x10331000,41
R,0x10331000
W,0x10332000,19
R,0x10332000
W,0x10333000,68
R,0x10333000
W,0x10334000,44
R,0x10334000
W,0x10335000,54
R,0x10335000
W,0x10336000,56
R,0x10336000
W,0x10337000,100
R,0x10337000
W,0x10338000,32
R,0x10338000
W,0x10339000,70
R,0x10339000
W,0x1033A000,78
R,0x1033A000
W,0x1033B000,68
R,0x1033B000
W,0x1033C000,25
R,0x1033C000
W,0x1033D000,88
R,0x1033D000
W,0x1033E000,21
R,0x1033E000
W,0x1033F000,35
R,0x1033F000
W,0x10340000,71
R,0x10340000
W,0x10341000,37
R,0x10341000
W,0x10342000,66
R,0x10342000
W,0x10343000,98
R,0x10343000
W,0x10344000,37
R,0x10344000
W,0x10345000,17
R,0x10345000
W,0x10346000,18
R,0x10346000
W,0x10347000,15
R,0x10347000
W,0x10348000,13
R,0x10348000
W,0x10349000,78
R,0x10349000
W,0x1034A000,53
R,0x1034A000
W,0x1034B000,52
R,0x1034B000
W,0x1034C000,71
R,0x1034C000
W,0x1034D000,45
R,0x1034D000
W,0x1034E000,31
R,0x1034E000
W,0x1034F000,25
R,0x1034F000
W,0x10350000,35
R,0x10350000
W,0x10351000,31
R,0x10351000
W,0x10352000,19
R,0x10352000
W,0x10353000,38
R,0x10353000
W,0x10354000,75
R,0x10354000
W,0x10355000,45
R,0x10355000
W,0x10356000,85
R,0x10356000
W,0x10357000,57
R,0x10357000
W,0x10358000,24
R,0x10358000
W,0x10359000,82
R,0x10359000
W,0x1035A000,29
R,0x1035A000
W,0x1035B000,70
R,0x1035B000
W,0x1035C000,69
R,0x1035C000
W,0x1035D000,52
R,0x1035D000
W,0x1035E000,93
R,0x1035E000
W,0x1035F000,88
R,0x1035F000
W,0x10360000,76
R,0x10360000
W,0x10361000,95
R,0x10361000
W,0x10362000,48
R,0x10362000
W,0x10363000,18
R,0x10363000
W,0x10364000,27
R,0x10364000
W,0x10365000,40
R,0x10365000
W,0x10366000,53
R,0x10366000
W,0x10367000,96
R,0x10367000
W,0x10368000,28
R,0x10368000
W,0x10369000,81
R,0x10369000
W,0x1036A000,33
R,0x1036A000
W,0x1036B000,100
R,0x1036B000
W,0x1036C000,80
R,0x1036C000
W,0x1036D000,77
R,0x1036D000
W,0x1036E000,29
R,0x1036E000
W,0x1036F000,11
R,0x1036F000
W,0x10370000,70
R,0x10370000
W,0x10371000,56
R,0x10371000
W,0x10372000,91
R,0x10372000
W,0x10373000,82
R,0x10373000
W,0x10374000,28
R,0x10374000
W,0x10375000,10
R,0x10375000
W,0x10376000,74
R,0x10376000
W,0x10377000,90
R,0x10377000
W,0x10378000,43
R,0x10378000
W,0x10379000,42
R,0x10379000
W,0x1037A000,42
R,0x1037A000
W,0x1037B000,31
R,0x1037B000
W,0x1037C000,84
R,0x1037C000
W,0x1037D000,97
R,0x1037D000
W,0x1037E000,12
R,0x1037E000
W,0x1037F000,58
R,0x1037F000
W,0x10380000,45
R,0x10380000
W,0x10381000,72
R,0x10381000
W,0x10382000,48
R,0x10382000
W,0x10383000,42
R,0x10383000
W,0x10384000,69
R,0x10384000
W,0x10385000,22
R,0x10385000
W,0x10386000,48
R,0x10386000
W,0x10387000,99
R,0x10387000
W,0x10388000,69
R,0x10388000
W,0x10389000,98
R,0x10389000
W,0x1038A000,82
R,0x1038A000
W,0x1038B000,46
R,0x1038B000
W,0x1038C000,89
R,0x1038C000
W,0x1038D000,42
R,0x1038D000
W,0x1038E000,32
R,0x1038E000
W,0x1038F000,24
R,0x1038F000
W,0x10390000,30
R,0x10390000
W,0x10391000,57
R,0x10391000
W,0x10392000,49
R,0x10392000
W,0x10393000,45
R,0x10393000
W,0x10394000,61
R,0x10394000
W,0x10395000,42
R,0x10395000
W,0x10396000,13
R,0x10396000
W,0x10397000,41
R,0x10397000
W,0x10398000,13
R,0x10398000
W,0x10399000,56
R,0x10399000
W,0x1039A000,83
R,0x1039A000
W,0x1039B000,84
R,0x1039B000
W,0x1039C000,60
R,0x1039C000
W,0x1039D000,95
R,0x1039D000
W,0x1039E000,46
R,0x1039E000
W,0x1039F000,22
R,0x1039F000
W,0x103A0000,44
R,0x103A0000
W,0x103A1000,100
R,0x103A1000
W,0x103A2000,21
R,0x103A2000
W,0x103A3000,10
R,0x103A3000
W,0x103A4000,32
R,0x103A4000
W,0x103A5000,61
R,0x103A5000
W,0x103A6000,64
R,0x103A6000
W,0x103A7000,61
R,0x103A7000
W,0x103A8000,23
R,0x103A8000
W,0x103A9000,55
R,0x103A9000
W,0x103AA000,43
R,0x103AA000
W,0x103AB000,31
R,0x103AB000
W,0x103AC000,26
R,0x103AC000
W,0x103AD000,82
R,0x103AD000
W,0x103AE000,54
R,0x103AE000
W,0x103AF000,42
R,0x103AF000
W,0x103B0000,94
R,0x103B0000
W,0x103B1000,30
R,0x103B1000
W,0x103B2000,42
R,0x103B2000
W,0x103B3000,54
R,0x103B3000
W,0x103B4000,23
R,0x103B4000
W,0x103B5000,87
R,0x103B5000
W,0x103B6000,51
R,0x103B6000
W,0x103B7000,90
R,0x103B7000
W,0x103B8000,19
R,0x103B8000
W,0x103B9000,89
R,0x103B9000
W,0x103BA000,88
R,0x103BA000
W,0x103BB000,23
R,0x103BB000
W,0x103BC000,38
R,0x103BC000
W,0x103BD000,32
R,0x103BD000
W,0x103BE000,76
R,0x103BE000
W,0x103BF000,80
R,0x103BF000
W,0x103C0000,56
R,0x103C0000
W,0x103C1000,16
R,0x103C1000
W,0x103C2000,93
R,0x103C2000
W,0x103C3000,28
R,0x103C3000
W,0x103C4000,58
R,0x103C4000
W,0x103C5000,74
R,0x103C5000
W,0x103C6000,72
R,0x103C6000
W,0x103C7000,100
R,0x103C7000
W,0x103C8000,38
R,0x103C8000
W,0x103C9000,30
R,0x103C9000
W,0x103CA000,29
R,0x103CA000
W,0x103CB000,48
R,0x103CB000
W,0x103CC000,22
R,0x103CC000
W,0x103CD000,12
R,0x103CD000
W,0x103CE000,27
R,0x103CE000
W,0x103CF000,69
R,0x103CF000
W,0x103D0000,47
R,0x103D0000
W,0x103D1000,50
R,0x103D1000
W,0x103D2000,35
R,0x103D2000
W,0x103D3000,47
R,0x103D3000
W,0x103D4000,91
R,0x103D4000
W,0x103D5000,62
R,0x103D5000
W,0x103D6000,29
R,0x103D6000
W,0x103D7000,87
R,0x103D7000
W,0x103D8000,89
R,0x103D8000
W,0x103D9000,11
R,0x103D9000
W,0x103DA000,66
R,0x103DA000
W,0x103DB000,66
R,0x103DB000
W,0x103DC000,34
R,0x103DC000
W,0x103DD000,100
R,0x103DD000
W,0x103DE000,64
R,0x103DE000
W,0x103DF000,97
R,0x103DF000
W,0x103E0000,58
R,0x103E0000
W,0x103E1000,56
R,0x103E1000
W,0x103E2000,79
R,0x103E2000
W,0x103E3000,85
R,0x103E3000
W,0x103E4000,87
R,0x103E4000
W,0x103E5000,54
R,0x103E5000
W,0x103E6000,60
R,0x103E6000
W,0x103E7000,56
R,0x103E7000
W,0x103E8000,12
R,0x103E8000
W,0x103E9000,43
R,0x103E9000
W,0x103EA000,80
R,0x103EA000
W,0x103EB000,34
R,0x103EB000
W,0x103EC000,46
R,0x103EC000
W,0x103ED000,42
R,0x103ED000
W,0x103EE000,69
R,0x103EE000
W,0x103EF000,20
R,0x103EF000
W,0x103F0000,75
R,0x103F0000
W,0x103F1000,100
R,0x103F1000
W,0x103F2000,18
R,0x103F2000
W,0x103F3000,30
R,0x103F3000
W,0x103F4000,15
R,0x103F4000
W,0x103F5000,43
R,0x103F5000
W,0x103F6000,72
R,0x103F6000
W,0x103F7000,80
R,0x103F7000
W,0x103F8000,59
R,0x103F8000
W,0x103F9000,63
R,0x103F9000
W,0x103FA000,81
R,0x103FA000
W,0x103FB000,81
R,0x103FB000
W,0x103FC000,69
R,0x103FC000
W,0x103FD000,74
R,0x103FD000
W,0x103FE000,54
R,0x103FE000
W,0x103FF000,95
R,0x103FF000
W,0x10400000,19
R,0x10400000
W,0x10401000,74
R,0x10401000
W,0x10402000,58
R,0x10402000
W,0x10403000,72
R,0x10403000
W,0x10404000,59
R,0x10404000
W,0x10405000,58
R,0x10405000
W,0x10406000,86
R,0x10406000
W,0x10407000,14
R,0x10407000
W,0x10408000,63
R,0x10408000
W,0x10409000,67
R,0x10409000
W,0x1040A000,44
R,0x1040A000
W,0x1040B000,36
R,0x1040B000
W,0x1040C000,78
R,0x1040C000
W,0x1040D000,76
R,0x1040D000
W,0x1040E000,30
R,0x1040E000
W,0x1040F000,20
R,0x1040F000
W,0x10410000,38
R,0x10410000
W,0x10411000,65
R,0x10411000
W,0x10412000,92
R,0x10412000
W,0x10413000,91
R,0x10413000
W,0x10414000,58
R,0x10414000
W,0x10415000,81
R,0x10415000
W,0x10416000,59
R,0x10416000
W,0x10417000,42
R,0x10417000
W,0x10418000,58
R,0x10418000
W,0x10419000,12
R,0x10419000
W,0x1041A000,17
R,0x1041A000
W,0x1041B000,91
R,0x1041B000
W,0x1041C000,61
R,0x1041C000
W,0x1041D000,24
R,0x1041D000
W,0x1041E000,33
R,0x1041E000
W,0x1041F000,32
R,0x1041F000
W,0x10420000,14
R,0x10420000
W,0x10421000,77
R,0x10421000
W,0x10422000,13
R,0x10422000
W,0x10423000,42
R,0x10423000
W,0x10424000,20
R,0x10424000
W,0x10425000,59
R,0x10425000
W,0x10426000,99
R,0x10426000
W,0x10427000,94
R,0x10427000
W,0x10428000,88
R,0x10428000
W,0x10429000,39
R,0x10429000
W,0x1042A000,39
R,0x1042A000
W,0x1042B000,45
R,0x1042B000
W,0x1042C000,11
R,0x1042C000
W,0x1042D000,96
R,0x1042D000
W,0x1042E000,39
R,0x1042E000
W,0x1042F000,35
R,0x1042F000
W,0x10430000,18
R,0x10430000
W,0x10431000,19
R,0x10431000
W,0x10432000,62
R,0x10432000
W,0x10433000,55
R,0x10433000
W,0x10434000,93
R,0x10434000
W,0x10435000,14
R,0x10435000
W,0x10436000,99
R,0x10436000
W,0x10437000,42
R,0x10437000
W,0x10438000,72
R,0x10438000
W,0x10439000,25
R,0x10439000
W,0x1043A000,68
R,0x1043A000
W,0x1043B000,47
R,0x1043B000
W,0x1043C000,36
R,0x1043C000
W,0x1043D000,37
R,0x1043D000
W,0x1043E000,76
R,0x1043E000
W,0x1043F000,78
R,0x1043F000
W,0x10440000,26
R,0x10440000
W,0x10441000,91
R,0x10441000
W,0x10442000,91
R,0x10442000
W,0x10443000,89
R,0x10443000
W,0x10444000,49
R,0x10444000
W,0x10445000,40
R,0x10445000
W,0x10446000,50
R,0x10446000
W,0x10447000,70
R,0x10447000
W,0x10448000,65
R,0x10448000
W,0x10449000,23
R,0x10449000
W,0x1044A000,53
R,0x1044A000
W,0x1044B000,39
R,0x1044B000
W,0x1044C000,92
R,0x1044C000
W,0x1044D000,85
R,0x1044D000
W,0x1044E000,41
R,0x1044E000
W,0x1044F000,33
R,0x1044F000
W,0x10450000,42
R,0x10450000
W,0x10451000,60
R,0x10451000
W,0x10452000,72
R,0x10452000
W,0x10453000,73
R,0x10453000
W,0x10454000,27
R,0x10454000
W,0x10455000,77
R,0x10455000
W,0x10456000,67
R,0x10456000
W,0x10457000,33
R,0x10457000
W,0x10458000,74
R,0x10458000
W,0x10459000,36
R,0x10459000
W,0x1045A000,94
R,0x1045A000
W,0x1045B000,71
R,0x1045B000
W,0x1045C000,13
R,0x1045C000
W,0x1045D000,84
R,0x1045D000
W,0x1045E000,68
R,0x1045E000
W,0x1045F000,67
R,0x1045F000
W,0x10460000,87
R,0x10460000
W,0x10461000,37
R,0x10461000
W,0x10462000,59
R,0x10462000
W,0x10463000,11
R,0x10463000
W,0x10464000,22
R,0x10464000
W,0x10465000,71
R,0x10465000
W,0x10466000,19
R,0x10466000
W,0x10467000,37
R,0x10467000
W,0x10468000,28
R,0x10468000
W,0x10469000,21
R,0x10469000
W,0x1046A000,31
R,0x1046A000
W,0x1046B000,52
R,0x1046B000
W,0x1046C000,68
R,0x1046C000
W,0x1046D000,49
R,0x1046D000
W,0x1046E000,81
R,0x1046E000
W,0x1046F000,98
R,0x1046F000
W,0x10470000,98
R,0x10470000
W,0x10471000,72
R,0x10471000
W,0x10472000,57
R,0x10472000
W,0x10473000,78
R,0x10473000
W,0x10474000,98
R,0x10474000
W,0x10475000,60
R,0x10475000
W,0x10476000,85
R,0x10476000
W,0x10477000,46
R,0x10477000
W,0x10478000,15
R,0x10478000
W,0x10479000,76
R,0x10479000
W,0x1047A000,62
R,0x1047A000
W,0x1047B000,59
R,0x1047B000
W,0x1047C000,86
R,0x1047C000
W,0x1047D000,45
R,0x1047D000
W,0x1047E000,21
R,0x1047E000
W,0x1047F000,92
R,0x1047F000
W,0x10480000,65
R,0x10480000
W,0x10481000,59
R,0x10481000
W,0x10482000,70
R,0x10482000
W,0x10483000,20
R,0x10483000
W,0x10484000,22
R,0x10484000
W,0x10485000,90
R,0x10485000
W,0x10486000,18
R,0x10486000
W,0x10487000,64
R,0x10487000
W,0x10488000,94
R,0x10488000
W,0x10489000,37
R,0x10489000
W,0x1048A000,12
R,0x1048A000
W,0x1048B000,82
R,0x1048B000
W,0x1048C000,68
R,0x1048C000
W,0x1048D000,22
R,0x1048D000
W,0x1048E000,32
R,0x1048E000
W,0x1048F000,22
R,0x1048F000
W,0x10490000,76
R,0x10490000
W,0x10491000,74
R,0x10491000
W,0x10492000,46
R,0x10492000
W,0x10493000,94
R,0x10493000
W,0x10494000,23
R,0x10494000
W,0x10495000,69
R,0x10495000
W,0x10496000,62
R,0x10496000
W,0x10497000,34
R,0x10497000
W,0x10498000,38
R,0x10498000
W,0x10499000,98
R,0x10499000
W,0x1049A000,10
R,0x1049A000
W,0x1049B000,17
R,0x1049B000
W,0x1049C000,95
R,0x1049C000
W,0x1049D000,74
R,0x1049D000
W,0x1049E000,45
R,0x1049E000
W,0x1049F000,57
R,0x1049F000
W,0x104A0000,53
R,0x104A0000
W,0x104A1000,29
R,0x104A1000
W,0x104A2000,42
R,0x104A2000
W,0x104A3000,82
R,0x104A3000
W,0x104A4000,23
R,0x104A4000
W,0x104A5000,51
R,0x104A5000
W,0x104A6000,70
R,0x104A6000
W,0x104A7000,14
R,0x104A7000
W,0x104A8000,64
R,0x104A8000
W,0x104A9000,69
R,0x104A9000
W,0x104AA000,76
R,0x104AA000
W,0x104AB000,16
R,0x104AB000
W,0x104AC000,12
R,0x104AC000
W,0x104AD000,16
R,0x104AD000
W,0x104AE000,80
R,0x104AE000
W,0x104AF000,90
R,0x104AF000
W,0x104B0000,75
R,0x104B0000
W,0x104B1000,62
R,0x104B1000
W,0x104B2000,23
R,0x104B2000
W,0x104B3000,28
R,0x104B3000
W,0x104B4000,22
R,0x104B4000
W,0x104B5000,98
R,0x104B5000
W,0x104B6000,64
R,0x104B6000
W,0x104B7000,46
R,0x104B7000
W,0x104B8000,39
R,0x104B8000
W,0x104B9000,37
R,0x104B9000
W,0x104BA000,15
R,0x104BA000
W,0x104BB000,87
R,0x104BB000
W,0x104BC000,59
R,0x104BC000
W,0x104BD000,41
R,0x104BD000
W,0x104BE000,100
R,0x104BE000
W,0x104BF000,71
R,0x104BF000
W,0x104C0000,23
R,0x104C0000
W,0x104C1000,62
R,0x104C1000
W,0x104C2000,61
R,0x104C2000
W,0x104C3000,80
R,0x104C3000
W,0x104C4000,71
R,0x104C4000
W,0x104C5000,61
R,0x104C5000
W,0x104C6000,46
R,0x104C6000
W,0x104C7000,22
R,0x104C7000
W,0x104C8000,73
R,0x104C8000
W,0x104C9000,82
R,0x104C9000
W,0x104CA000,13
R,0x104CA000
W,0x104CB000,34
R,0x104CB000
W,0x104CC000,42
R,0x104CC000
W,0x104CD000,38
R,0x104CD000
W,0x104CE000,55
R,0x104CE000
W,0x104CF000,90
R,0x104CF000
W,0x104D0000,37
R,0x104D0000
W,0x104D1000,84
R,0x104D1000
W,0x104D2000,24
R,0x104D2000
W,0x104D3000,42
R,0x104D3000
W,0x104D4000,17
R,0x104D4000
W,0x104D5000,62
R,0x104D5000
W,0x104D6000,55
R,0x104D6000
W,0x104D7000,54
R,0x104D7000
W,0x104D8000,76
R,0x104D8000
W,0x104D9000,82
R,0x104D9000
W,0x104DA000,83
R,0x104DA000
W,0x104DB000,12
R,0x104DB000
W,0x104DC000,82
R,0x104DC000
W,0x104DD000,61
R,0x104DD000
W,0x104DE000,35
R,0x104DE000
W,0x104DF000,73
R,0x104DF000
W,0x104E0000,29
R,0x104E0000
W,0x104E1000,84
R,0x104E1000
W,0x104E2000,75
R,0x104E2000
W,0x104E3000,73
R,0x104E3000
W,0x104E4000,48
R,0x104E4000
W,0x104E5000,72
R,0x104E5000
W,0x104E6000,39
R,0x104E6000
W,0x104E7000,13
R,0x104E7000
W,0x104E8000,90
R,0x104E8000
W,0x104E9000,41
R,0x104E9000
W,0x104EA000,83
R,0x104EA000
W,0x104EB000,38
R,0x104EB000
W,0x104EC000,80
R,0x104EC000
W,0x104ED000,18
R,0x104ED000
W,0x104EE000,24
R,0x104EE000
W,0x104EF000,22
R,0x104EF000
W,0x104F0000,64
R,0x104F0000
W,0x104F1000,95
R,0x104F1000
W,0x104F2000,22
R,0x104F2000
W,0x104F3000,60
R,0x104F3000
W,0x104F4000,34
R,0x104F4000
W,0x104F5000,62
R,0x104F5000
W,0x104F6000,47
R,0x104F6000
W,0x104F7000,38
R,0x104F7000
W,0x104F8000,98
R,0x104F8000
W,0x104F9000,77
R,0x104F9000
W,0x104FA000,11
R,0x104FA000
W,0x104FB000,52
R,0x104FB000
W,0x104FC000,85
R,0x104FC000
W,0x104FD000,29
R,0x104FD000
W,0x104FE000,19
R,0x104FE000
W,0x104FF000,56
R,0x104FF000
W,0x10500000,66
R,0x10500000
W,0x10501000,84
R,0x10501000
W,0x10502000,64
R,0x10502000
W,0x10503000,29
R,0x10503000
W,0x10504000,64
R,0x10504000
W,0x10505000,26
R,0x10505000
W,0x10506000,18
R,0x10506000
W,0x10507000,96
R,0x10507000
W,0x10508000,40
R,0x10508000
W,0x10509000,97
R,0x10509000
W,0x1050A000,25
R,0x1050A000
W,0x1050B000,23
R,0x1050B000
W,0x1050C000,62
R,0x1050C000
W,0x1050D000,56
R,0x1050D000
W,0x1050E000,99
R,0x1050E000
W,0x1050F000,28
R,0x1050F000
W,0x10510000,67
R,0x10510000
W,0x10511000,81
R,0x10511000
W,0x10512000,51
R,0x10512000
W,0x10513000,11
R,0x10513000
W,0x10514000,11
R,0x10514000
W,0x10515000,89
R,0x10515000
W,0x10516000,12
R,0x10516000
W,0x10517000,58
R,0x10517000
W,0x10518000,84
R,0x10518000
W,0x10519000,79
R,0x10519000
W,0x1051A000,76
R,0x1051A000
W,0x1051B000,16
R,0x1051B000
W,0x1051C000,30
R,0x1051C000
W,0x1051D000,32
R,0x1051D000
W,0x1051E000,83
R,0x1051E000
W,0x1051F000,97
R,0x1051F000
W,0x10520000,38
R,0x10520000
W,0x10521000,18
R,0x10521000
W,0x10522000,59
R,0x10522000
W,0x10523000,51
R,0x10523000
W,0x10524000,24
R,0x10524000
W,0x10525000,55
R,0x10525000
W,0x10526000,92
R,0x10526000
W,0x10527000,54
R,0x10527000
W,0x10528000,44
R,0x10528000
W,0x10529000,90
R,0x10529000
W,0x1052A000,72
R,0x1052A000
W,0x1052B000,26
R,0x1052B000
W,0x1052C000,10
R,0x1052C000
W,0x1052D000,52
R,0x1052D000
W,0x1052E000,82
R,0x1052E000
W,0x1052F000,56
R,0x1052F000
W,0x10530000,39
R,0x10530000
W,0x10531000,47
R,0x10531000
W,0x10532000,54
R,0x10532000
W,0x10533000,20
R,0x10533000
W,0x10534000,84
R,0x10534000
W,0x10535000,82
R,0x10535000
W,0x10536000,19
R,0x10536000
W,0x10537000,99
R,0x10537000
W,0x10538000,87
R,0x10538000
W,0x10539000,31
R,0x10539000
W,0x1053A000,54
R,0x1053A000
W,0x1053B000,79
R,0x1053B000
W,0x1053C000,80
R,0x1053C000
W,0x1053D000,64
R,0x1053D000
W,0x1053E000,74
R,0x1053E000
W,0x1053F000,42
R,0x1053F000
W,0x10540000,28
R,0x10540000
W,0x10541000,75
R,0x10541000
W,0x10542000,60
R,0x10542000
W,0x10543000,63
R,0x10543000
W,0x10544000,75
R,0x10544000
W,0x10545000,30
R,0x10545000
W,0x10546000,76
R,0x10546000
W,0x10547000,27
R,0x10547000
W,0x10548000,48
R,0x10548000
W,0x10549000,22
R,0x10549000
W,0x1054A000,88
R,0x1054A000
W,0x1054B000,98
R,0x1054B000
W,0x1054C000,92
R,0x1054C000
W,0x1054D000,97
R,0x1054D000
W,0x1054E000,99
R,0x1054E000
W,0x1054F000,47
R,0x1054F000
W,0x10550000,88
R,0x10550000
W,0x10551000,27
R,0x10551000
W,0x10552000,38
R,0x10552000
W,0x10553000,18
R,0x10553000
W,0x10554000,51
R,0x10554000
W,0x10555000,89
R,0x10555000
W,0x10556000,37
R,0x10556000
W,0x10557000,14
R,0x10557000
W,0x10558000,85
R,0x10558000
W,0x10559000,25
R,0x10559000
W,0x1055A000,80
R,0x1055A000
W,0x1055B000,72
R,0x1055B000
W,0x1055C000,45
R,0x1055C000
W,0x1055D000,42
R,0x1055D000
W,0x1055E000,76
R,0x1055E000
W,0x1055F000,36
R,0x1055F000
W,0x10560000,59
R,0x10560000
W,0x10561000,75
R,0x10561000
W,0x10562000,78
R,0x10562000
W,0x10563000,86
R,0x10563000
W,0x10564000,52
R,0x10564000
W,0x10565000,32
R,0x10565000
W,0x10566000,94
R,0x10566000
W,0x10567000,86
R,0x10567000
W,0x10568000,86
R,0x10568000
W,0x10569000,57
R,0x10569000
W,0x1056A000,62
R,0x1056A000
W,0x1056B000,77
R,0x1056B000
W,0x1056C000,12
R,0x1056C000
W,0x1056D000,29
R,0x1056D000
W,0x1056E000,96
R,0x1056E000
W,0x1056F000,47
R,0x1056F000
W,0x10570000,57
R,0x10570000
W,0x10571000,38
R,0x10571000
W,0x10572000,14
R,0x10572000
W,0x10573000,76
R,0x10573000
W,0x10574000,14
R,0x10574000
W,0x10575000,87
R,0x10575000
W,0x10576000,35
R,0x10576000
W,0x10577000,18
R,0x10577000
W,0x10578000,53
R,0x10578000
W,0x10579000,43
R,0x10579000
W,0x1057A000,79
R,0x1057A000
W,0x1057B000,33
R,0x1057B000
W,0x1057C000,47
R,0x1057C000
W,0x1057D000,48
R,0x1057D000
W,0x1057E000,10
R,0x1057E000
W,0x1057F000,79
R,0x1057F000
W,0x10580000,34
R,0x10580000
W,0x10581000,58
R,0x10581000
W,0x10582000,74
R,0x10582000
W,0x10583000,54
R,0x10583000
W,0x10584000,74
R,0x10584000
W,0x10585000,23
R,0x10585000
W,0x10586000,54
R,0x10586000
W,0x10587000,18
R,0x10587000
W,0x10588000,14
R,0x10588000
W,0x10589000,23
R,0x10589000
W,0x1058A000,50
R,0x1058A000
W,0x1058B000,85
R,0x1058B000
W,0x1058C000,95
R,0x1058C000
W,0x1058D000,81
R,0x1058D000
W,0x1058E000,60
R,0x1058E000
W,0x1058F000,61
R,0x1058F000
W,0x10590000,25
R,0x10590000
W,0x10591000,65
R,0x10591000
W,0x10592000,16
R,0x10592000
W,0x10593000,29
R,0x10593000
W,0x10594000,14
R,0x10594000
W,0x10595000,18
R,0x10595000
W,0x10596000,34
R,0x10596000
W,0x10597000,41
R,0x10597000
W,0x10598000,35
R,0x10598000
W,0x10599000,90
R,0x10599000
W,0x1059A000,14
R,0x1059A000
W,0x1059B000,16
R,0x1059B000
W,0x1059C000,30
R,0x1059C000
W,0x1059D000,51
R,0x1059D000
W,0x1059E000,30
R,0x1059E000
W,0x1059F000,39
R,0x1059F000
W,0x105A0000,21
R,0x105A0000
W,0x105A1000,10
R,0x105A1000
W,0x105A2000,63
R,0x105A2000
W,0x105A3000,99
R,0x105A3000
W,0x105A4000,25
R,0x105A4000
W,0x105A5000,71
R,0x105A5000
W,0x105A6000,42
R,0x105A6000
W,0x105A7000,97
R,0x105A7000
W,0x105A8000,80
R,0x105A8000
W,0x105A9000,35
R,0x105A9000
W,0x105AA000,14
R,0x105AA000
W,0x105AB000,17
R,0x105AB000
W,0x105AC000,14
R,0x105AC000
W,0x105AD000,68
R,0x105AD000
W,0x105AE000,93
R,0x105AE000
W,0x105AF000,37
R,0x105AF000
W,0x105B0000,66
R,0x105B0000
W,0x105B1000,29
R,0x105B1000
W,0x105B2000,72
R,0x105B2000
W,0x105B3000,86
R,0x105B3000
W,0x105B4000,96
R,0x105B4000
W,0x105B5000,33
R,0x105B5000
W,0x105B6000,80
R,0x105B6000
W,0x105B7000,23
R,0x105B7000
W,0x105B8000,22
R,0x105B8000
W,0x105B9000,48
R,0x105B9000
W,0x105BA000,26
R,0x105BA000
W,0x105BB000,52
R,0x105BB000
W,0x105BC000,52
R,0x105BC000
W,0x105BD000,55
R,0x105BD000
W,0x105BE000,91
R,0x105BE000
W,0x105BF000,28
R,0x105BF000
W,0x105C0000,82
R,0x105C0000
W,0x105C1000,24
R,0x105C1000
W,0x105C2000,22
R,0x105C2000
W,0x105C3000,65
R,0x105C3000
W,0x105C4000,20
R,0x105C4000
W,0x105C5000,60
R,0x105C5000
W,0x105C6000,66
R,0x105C6000
W,0x105C7000,17
R,0x105C7000
W,0x105C8000,17
R,0x105C8000
W,0x105C9000,21
R,0x105C9000
W,0x105CA000,31
R,0x105CA000
W,0x105CB000,19
R,0x105CB000
W,0x105CC000,71
R,0x105CC000
W,0x105CD000,89
R,0x105CD000
W,0x105CE000,17
R,0x105CE000
W,0x105CF000,34
R,0x105CF000
W,0x105D0000,47
R,0x105D0000
W,0x105D1000,79
R,0x105D1000
W,0x105D2000,11
R,0x105D2000
W,0x105D3000,71
R,0x105D3000
W,0x105D4000,35
R,0x105D4000
W,0x105D5000,19
R,0x105D5000
W,0x105D6000,70
R,0x105D6000
W,0x105D7000,59
R,0x105D7000
W,0x105D8000,47
R,0x105D8000
W,0x105D9000,68
R,0x105D9000
W,0x105DA000,91
R,0x105DA000
W,0x105DB000,62
R,0x105DB000
W,0x105DC000,65
R,0x105DC000
W,0x105DD000,65
R,0x105DD000
W,0x105DE000,43
R,0x105DE000
W,0x105DF000,60
R,0x105DF000
W,0x105E0000,54
R,0x105E0000
W,0x105E1000,72
R,0x105E1000
W,0x105E2000,14
R,0x105E2000
W,0x105E3000,73
R,0x105E3000
W,0x105E4000,11
R,0x105E4000
W,0x105E5000,60
R,0x105E5000
W,0x105E6000,58
R,0x105E6000
W,0x105E7000,69
R,0x105E7000
W,0x105E8000,84
R,0x105E8000
W,0x105E9000,99
R,0x105E9000
W,0x105EA000,58
R,0x105EA000
W,0x105EB000,33
R,0x105EB000
W,0x105EC000,38
R,0x105EC000
W,0x105ED000,27
R,0x105ED000
W,0x105EE000,94
R,0x105EE000
W,0x105EF000,32
R,0x105EF000
W,0x105F0000,49
R,0x105F0000
W,0x105F1000,73
R,0x105F1000
W,0x105F2000,20
R,0x105F2000
W,0x105F3000,68
R,0x105F3000
W,0x105F4000,64
R,0x105F4000
W,0x105F5000,95
R,0x105F5000
W,0x105F6000,40
R,0x105F6000
W,0x105F7000,85
R,0x105F7000
W,0x105F8000,89
R,0x105F8000
W,0x105F9000,10
R,0x105F9000
W,0x105FA000,99
R,0x105FA000
W,0x105FB000,50
R,0x105FB000
W,0x105FC000,79
R,0x105FC000
W,0x105FD000,85
R,0x105FD000
W,0x105FE000,90
R,0x105FE000
W,0x105FF000,94
R,0x105FF000
W,0x10600000,93
R,0x10600000
W,0x10601000,71
R,0x10601000
W,0x10602000,13
R,0x10602000
W,0x10603000,14
R,0x10603000
W,0x10604000,47
R,0x10604000
W,0x10605000,44
R,0x10605000
W,0x10606000,32
R,0x10606000
W,0x10607000,65
R,0x10607000
W,0x10608000,64
R,0x10608000
W,0x10609000,97
R,0x10609000
W,0x1060A000,100
R,0x1060A000
W,0x1060B000,75
R,0x1060B000
W,0x1060C000,94
R,0x1060C000
W,0x1060D000,28
R,0x1060D000
W,0x1060E000,82
R,0x1060E000
W,0x1060F000,51
R,0x1060F000
W,0x10610000,10
R,0x10610000
W,0x10611000,96
R,0x10611000
W,0x10612000,26
R,0x10612000
W,0x10613000,47
R,0x10613000
W,0x10614000,85
R,0x10614000
W,0x10615000,94
R,0x10615000
W,0x10616000,80
R,0x10616000
W,0x10617000,70
R,0x10617000
W,0x10618000,83
R,0x10618000
W,0x10619000,77
R,0x10619000
W,0x1061A000,47
R,0x1061A000
W,0x1061B000,72
R,0x1061B000
W,0x1061C000,71
R,0x1061C000
W,0x1061D000,39
R,0x1061D000
W,0x1061E000,76
R,0x1061E000
W,0x1061F000,97
R,0x1061F000
W,0x10620000,13
R,0x10620000
W,0x10621000,95
R,0x10621000
W,0x10622000,96
R,0x10622000
W,0x10623000,86
R,0x10623000
W,0x10624000,30
R,0x10624000
W,0x10625000,28
R,0x10625000
W,0x10626000,58
R,0x10626000
W,0x10627000,73
R,0x10627000
W,0x10628000,68
R,0x10628000
W,0x10629000,76
R,0x10629000
W,0x1062A000,61
R,0x1062A000
W,0x1062B000,16
R,0x1062B000
W,0x1062C000,11
R,0x1062C000
W,0x1062D000,61
R,0x1062D000
W,0x1062E000,83
R,0x1062E000
W,0x1062F000,49
R,0x1062F000
W,0x10630000,57
R,0x10630000
W,0x10631000,83
R,0x10631000
W,0x10632000,99
R,0x10632000
W,0x10633000,12
R,0x10633000
W,0x10634000,15
R,0x10634000
W,0x10635000,34
R,0x10635000
W,0x10636000,36
R,0x10636000
W,0x10637000,14
R,0x10637000
W,0x10638000,31
R,0x10638000
W,0x10639000,73
R,0x10639000
W,0x1063A000,76
R,0x1063A000
W,0x1063B000,46
R,0x1063B000
W,0x1063C000,30
R,0x1063C000
W,0x1063D000,90
R,0x1063D000
W,0x1063E000,95
R,0x1063E000
W,0x1063F000,96
R,0x1063F000
W,0x10640000,71
R,0x10640000
W,0x10641000,98
R,0x10641000
W,0x10642000,94
R,0x10642000
W,0x10643000,27
R,0x10643000
W,0x10644000,50
R,0x10644000
W,0x10645000,100
R,0x10645000
W,0x10646000,19
R,0x10646000
W,0x10647000,90
R,0x10647000
W,0x10648000,100
R,0x10648000
W,0x10649000,55
R,0x10649000
W,0x1064A000,91
R,0x1064A000
W,0x1064B000,82
R,0x1064B000
W,0x1064C000,64
R,0x1064C000
W,0x1064D000,35
R,0x1064D000
W,0x1064E000,46
R,0x1064E000
W,0x1064F000,59
R,0x1064F000
W,0x10650000,91
R,0x10650000
W,0x10651000,53
R,0x10651000
W,0x10652000,60
R,0x10652000
W,0x10653000,83
R,0x10653000
W,0x10654000,95
R,0x10654000
W,0x10655000,20
R,0x10655000
W,0x10656000,100
R,0x10656000
W,0x10657000,61
R,0x10657000
W,0x10658000,60
R,0x10658000
W,0x10659000,44
R,0x10659000
W,0x1065A000,90
R,0x1065A000
W,0x1065B000,63
R,0x1065B000
W,0x1065C000,97
R,0x1065C000
W,0x1065D000,42
R,0x1065D000
W,0x1065E000,49
R,0x1065E000
W,0x1065F000,18
R,0x1065F000
W,0x10660000,21
R,0x10660000
W,0x10661000,48
R,0x10661000
W,0x10662000,95
R,0x10662000
W,0x10663000,75
R,0x10663000
W,0x10664000,66
R,0x10664000
W,0x10665000,55
R,0x10665000
W,0x10666000,14
R,0x10666000
W,0x10667000,64
R,0x10667000
W,0x10668000,56
R,0x10668000
W,0x10669000,96
R,0x10669000
W,0x1066A000,70
R,0x1066A000
W,0x1066B000,40
R,0x1066B000
W,0x1066C000,49
R,0x1066C000
W,0x1066D000,100
R,0x1066D000
W,0x1066E000,94
R,0x1066E000
W,0x1066F000,55
R,0x1066F000
W,0x10670000,22
R,0x10670000
W,0x10671000,79
R,0x10671000
W,0x10672000,18
R,0x10672000
W,0x10673000,82
R,0x10673000
W,0x10674000,97
R,0x10674000
W,0x10675000,48
R,0x10675000
W,0x10676000,87
R,0x10676000
W,0x10677000,31
R,0x10677000
W,0x10678000,56
R,0x10678000
W,0x10679000,95
R,0x10679000
W,0x1067A000,89
R,0x1067A000
W,0x1067B000,81
R,0x1067B000
W,0x1067C000,93
R,0x1067C000
W,0x1067D000,31
R,0x1067D000
W,0x1067E000,68
R,0x1067E000
W,0x1067F000,14
R,0x1067F000
W,0x10680000,71
R,0x10680000
W,0x10681000,84
R,0x10681000
W,0x10682000,78
R,0x10682000
W,0x10683000,88
R,0x10683000
W,0x10684000,15
R,0x10684000
W,0x10685000,22
R,0x10685000
W,0x10686000,35
R,0x10686000
W,0x10687000,53
R,0x10687000
W,0x10688000,34
R,0x10688000
W,0x10689000,44
R,0x10689000
W,0x1068A000,16
R,0x1068A000
W,0x1068B000,89
R,0x1068B000
W,0x1068C000,90
R,0x1068C000
W,0x1068D000,27
R,0x1068D000
W,0x1068E000,97
R,0x1068E000
W,0x1068F000,83
R,0x1068F000
W,0x10690000,25
R,0x10690000
W,0x10691000,90
R,0x10691000
W,0x10692000,18
R,0x10692000
W,0x10693000,38
R,0x10693000
W,0x10694000,77
R,0x10694000
W,0x10695000,81
R,0x10695000
W,0x10696000,35
R,0x10696000
W,0x10697000,94
R,0x10697000
W,0x10698000,58
R,0x10698000
W,0x10699000,73
R,0x10699000
W,0x1069A000,69
R,0x1069A000
W,0x1069B000,66
R,0x1069B000
W,0x1069C000,56
R,0x1069C000
W,0x1069D000,76
R,0x1069D000
W,0x1069E000,80
R,0x1069E000
W,0x1069F000,92
R,0x1069F000
W,0x106A0000,36
R,0x106A0000
W,0x106A1000,13
R,0x106A1000
W,0x106A2000,100
R,0x106A2000
W,0x106A3000,40
R,0x106A3000
W,0x106A4000,80
R,0x106A4000
W,0x106A5000,44
R,0x106A5000
W,0x106A6000,81
R,0x106A6000
W,0x106A7000,38
R,0x106A7000
W,0x106A8000,42
R,0x106A8000
W,0x106A9000,71
R,0x106A9000
W,0x106AA000,71
R,0x106AA000
W,0x106AB000,96
R,0x106AB000
W,0x106AC000,57
R,0x106AC000
W,0x106AD000,21
R,0x106AD000
W,0x106AE000,18
R,0x106AE000
W,0x106AF000,61
R,0x106AF000
W,0x106B0000,24
R,0x106B0000
W,0x106B1000,33
R,0x106B1000
W,0x106B2000,46
R,0x106B2000
W,0x106B3000,10
R,0x106B3000
W,0x106B4000,67
R,0x106B4000
W,0x106B5000,80
R,0x106B5000
W,0x106B6000,71
R,0x106B6000
W,0x106B7000,98
R,0x106B7000
W,0x106B8000,31
R,0x106B8000
W,0x106B9000,65
R,0x106B9000
W,0x106BA000,75
R,0x106BA000
W,0x106BB000,30
R,0x106BB000
W,0x106BC000,91
R,0x106BC000
W,0x106BD000,16
R,0x106BD000
W,0x106BE000,23
R,0x106BE000
W,0x106BF000,66
R,0x106BF000
W,0x106C0000,70
R,0x106C0000
W,0x106C1000,93
R,0x106C1000
W,0x106C2000,84
R,0x106C2000
W,0x106C3000,99
R,0x106C3000
W,0x106C4000,46
R,0x106C4000
W,0x106C5000,57
R,0x106C5000
W,0x106C6000,11
R,0x106C6000
W,0x106C7000,30
R,0x106C7000
W,0x106C8000,14
R,0x106C8000
W,0x106C9000,62
R,0x106C9000
W,0x106CA000,16
R,0x106CA000
W,0x106CB000,46
R,0x106CB000
W,0x106CC000,12
R,0x106CC000
W,0x106CD000,33
R,0x106CD000
W,0x106CE000,29
R,0x106CE000
W,0x106CF000,45
R,0x106CF000
W,0x106D0000,23
R,0x106D0000
W,0x106D1000,63
R,0x106D1000
W,0x106D2000,68
R,0x106D2000
W,0x106D3000,84
R,0x106D3000
W,0x106D4000,80
R,0x106D4000
W,0x106D5000,24
R,0x106D5000
W,0x106D6000,20
R,0x106D6000
W,0x106D7000,76
R,0x106D7000
W,0x106D8000,62
R,0x106D8000
W,0x106D9000,76
R,0x106D9000
W,0x106DA000,12
R,0x106DA000
W,0x106DB000,65
R,0x106DB000
W,0x106DC000,61
R,0x106DC000
W,0x106DD000,36
R,0x106DD000
W,0x106DE000,93
R,0x106DE000
W,0x106DF000,64
R,0x106DF000
W,0x106E0000,31
R,0x106E0000
W,0x106E1000,39
R,0x106E1000
W,0x106E2000,60
R,0x106E2000
W,0x106E3000,47
R,0x106E3000
W,0x106E4000,16
R,0x106E4000
W,0x106E5000,61
R,0x106E5000
W,0x106E6000,17
R,0x106E6000
W,0x106E7000,97
R,0x106E7000
W,0x106E8000,96
R,0x106E8000
W,0x106E9000,14
R,0x106E9000
W,0x106EA000,19
R,0x106EA000
W,0x106EB000,71
R,0x106EB000
W,0x106EC000,62
R,0x106EC000
W,0x106ED000,72
R,0x106ED000
W,0x106EE000,21
R,0x106EE000
W,0x106EF000,45
R,0x106EF000
W,0x106F0000,37
R,0x106F0000
W,0x106F1000,48
R,0x106F1000
W,0x106F2000,49
R,0x106F2000
W,0x106F3000,30
R,0x106F3000
W,0x106F4000,52
R,0x106F4000
W,0x106F5000,51
R,0x106F5000
W,0x106F6000,23
R,0x106F6000
W,0x106F7000,11
R,0x106F7000
W,0x106F8000,45
R,0x106F8000
W,0x106F9000,30
R,0x106F9000
W,0x106FA000,10
R,0x106FA000
W,0x106FB000,10
R,0x106FB000
W,0x106FC000,51
R,0x106FC000
W,0x106FD000,26
R,0x106FD000
W,0x106FE000,53
R,0x106FE000
W,0x106FF000,22
R,0x106FF000
W,0x10700000,10
R,0x10700000
W,0x10701000,67
R,0x10701000
W,0x10702000,67
R,0x10702000
W,0x10703000,56
R,0x10703000
W,0x10704000,42
R,0x10704000
W,0x10705000,89
R,0x10705000
W,0x10706000,41
R,0x10706000
W,0x10707000,78
R,0x10707000
W,0x10708000,93
R,0x10708000
W,0x10709000,68
R,0x10709000
W,0x1070A000,78
R,0x1070A000
W,0x1070B000,26
R,0x1070B000
W,0x1070C000,13
R,0x1070C000
W,0x1070D000,98
R,0x1070D000
W,0x1070E000,43
R,0x1070E000
W,0x1070F000,20
R,0x1070F000
W,0x10710000,49
R,0x10710000
W,0x10711000,85
R,0x10711000
W,0x10712000,81
R,0x10712000
W,0x10713000,58
R,0x10713000
W,0x10714000,52
R,0x10714000
W,0x10715000,34
R,0x10715000
W,0x10716000,81
R,0x10716000
W,0x10717000,46
R,0x10717000
W,0x10718000,59
R,0x10718000
W,0x10719000,53
R,0x10719000
W,0x1071A000,35
R,0x1071A000
W,0x1071B000,85
R,0x1071B000
W,0x1071C000,38
R,0x1071C000
W,0x1071D000,46
R,0x1071D000
W,0x1071E000,96
R,0x1071E000
W,0x1071F000,62
R,0x1071F000
W,0x10720000,53
R,0x10720000
W,0x10721000,33
R,0x10721000
W,0x10722000,76
R,0x10722000
W,0x10723000,23
R,0x10723000
W,0x10724000,53
R,0x10724000
W,0x10725000,74
R,0x10725000
W,0x10726000,55
R,0x10726000
W,0x10727000,25
R,0x10727000
W,0x10728000,12
R,0x10728000
W,0x10729000,30
R,0x10729000
W,0x1072A000,64
R,0x1072A000
W,0x1072B000,51
R,0x1072B000
W,0x1072C000,66
R,0x1072C000
W,0x1072D000,27
R,0x1072D000
W,0x1072E000,42
R,0x1072E000
W,0x1072F000,22
R,0x1072F000
W,0x10730000,90
R,0x10730000
W,0x10731000,43
R,0x10731000
W,0x10732000,93
R,0x10732000
W,0x10733000,89
R,0x10733000
W,0x10734000,26
R,0x10734000
W,0x10735000,81
R,0x10735000
W,0x10736000,78
R,0x10736000
W,0x10737000,26
R,0x10737000
W,0x10738000,96
R,0x10738000
W,0x10739000,61
R,0x10739000
W,0x1073A000,28
R,0x1073A000
W,0x1073B000,32
R,0x1073B000
W,0x1073C000,87
R,0x1073C000
W,0x1073D000,37
R,0x1073D000
W,0x1073E000,58
R,0x1073E000
W,0x1073F000,40
R,0x1073F000
W,0x10740000,51
R,0x10740000
W,0x10741000,15
R,0x10741000
W,0x10742000,84
R,0x10742000
W,0x10743000,22
R,0x10743000
W,0x10744000,62
R,0x10744000
W,0x10745000,92
R,0x10745000
W,0x10746000,80
R,0x10746000
W,0x10747000,22
R,0x10747000
W,0x10748000,79
R,0x10748000
W,0x10749000,17
R,0x10749000
W,0x1074A000,18
R,0x1074A000
W,0x1074B000,41
R,0x1074B000
W,0x1074C000,46
R,0x1074C000
W,0x1074D000,81
R,0x1074D000
W,0x1074E000,60
R,0x1074E000
W,0x1074F000,91
R,0x1074F000
W,0x10750000,65
R,0x10750000
W,0x10751000,18
R,0x10751000
W,0x10752000,66
R,0x10752000
W,0x10753000,28
R,0x10753000
W,0x10754000,18
R,0x10754000
W,0x10755000,47
R,0x10755000
W,0x10756000,99
R,0x10756000
W,0x10757000,36
R,0x10757000
W,0x10758000,74
R,0x10758000
W,0x10759000,94
R,0x10759000
W,0x1075A000,60
R,0x1075A000
W,0x1075B000,67
R,0x1075B000
W,0x1075C000,58
R,0x1075C000
W,0x1075D000,77
R,0x1075D000
W,0x1075E000,17
R,0x1075E000
W,0x1075F000,19
R,0x1075F000
W,0x10760000,85
R,0x10760000
W,0x10761000,49
R,0x10761000
W,0x10762000,37
R,0x10762000
W,0x10763000,94
R,0x10763000
W,0x10764000,84
R,0x10764000
W,0x10765000,93
R,0x10765000
W,0x10766000,18
R,0x10766000
W,0x10767000,97
R,0x10767000
W,0x10768000,97
R,0x10768000
W,0x10769000,62
R,0x10769000
W,0x1076A000,84
R,0x1076A000
W,0x1076B000,29
R,0x1076B000
W,0x1076C000,56
R,0x1076C000
W,0x1076D000,68
R,0x1076D000
W,0x1076E000,85
R,0x1076E000
W,0x1076F000,89
R,0x1076F000
W,0x10770000,63
R,0x10770000
W,0x10771000,11
R,0x10771000
W,0x10772000,90
R,0x10772000
W,0x10773000,33
R,0x10773000
W,0x10774000,47
R,0x10774000
W,0x10775000,52
R,0x10775000
W,0x10776000,32
R,0x10776000
W,0x10777000,26
R,0x10777000
W,0x10778000,40
R,0x10778000
W,0x10779000,73
R,0x10779000
W,0x1077A000,71
R,0x1077A000
W,0x1077B000,79
R,0x1077B000
W,0x1077C000,19
R,0x1077C000
W,0x1077D000,15
R,0x1077D000
W,0x1077E000,56
R,0x1077E000
W,0x1077F000,89
R,0x1077F000
W,0x10780000,54
R,0x10780000
W,0x10781000,22
R,0x10781000
W,0x10782000,80
R,0x10782000
W,0x10783000,19
R,0x10783000
W,0x10784000,42
R,0x10784000
W,0x10785000,34
R,0x10785000
W,0x10786000,92
R,0x10786000
W,0x10787000,49
R,0x10787000
W,0x10788000,24
R,0x10788000
W,0x10789000,74
R,0x10789000
W,0x1078A000,59
R,0x1078A000
W,0x1078B000,53
R,0x1078B000
W,0x1078C000,18
R,0x1078C000
W,0x1078D000,10
R,0x1078D000
W,0x1078E000,60
R,0x1078E000
W,0x1078F000,80
R,0x1078F000
W,0x10790000,78
R,0x10790000
W,0x10791000,64
R,0x10791000
W,0x10792000,54
R,0x10792000
W,0x10793000,50
R,0x10793000
W,0x10794000,86
R,0x10794000
W,0x10795000,40
R,0x10795000
W,0x10796000,37
R,0x10796000
W,0x10797000,50
R,0x10797000
W,0x10798000,16
R,0x10798000
W,0x10799000,69
R,0x10799000
W,0x1079A000,69
R,0x1079A000
W,0x1079B000,59
R,0x1079B000
W,0x1079C000,71
R,0x1079C000
W,0x1079D000,65
R,0x1079D000
W,0x1079E000,34
R,0x1079E000
W,0x1079F000,78
R,0x1079F000
W,0x107A0000,81
R,0x107A0000
W,0x107A1000,33
R,0x107A1000
W,0x107A2000,44
R,0x107A2000
W,0x107A3000,72
R,0x107A3000
W,0x107A4000,56
R,0x107A4000
W,0x107A5000,62
R,0x107A5000
W,0x107A6000,28
R,0x107A6000
W,0x107A7000,36
R,0x107A7000
W,0x107A8000,61
R,0x107A8000
W,0x107A9000,48
R,0x107A9000
W,0x107AA000,59
R,0x107AA000
W,0x107AB000,30
R,0x107AB000
W,0x107AC000,54
R,0x107AC000
W,0x107AD000,79
R,0x107AD000
W,0x107AE000,48
R,0x107AE000
W,0x107AF000,37
R,0x107AF000
W,0x107B0000,64
R,0x107B0000
W,0x107B1000,10
R,0x107B1000
W,0x107B2000,58
R,0x107B2000
W,0x107B3000,90
R,0x107B3000
W,0x107B4000,74
R,0x107B4000
W,0x107B5000,45
R,0x107B5000
W,0x107B6000,34
R,0x107B6000
W,0x107B7000,42
R,0x107B7000
W,0x107B8000,20
R,0x107B8000
W,0x107B9000,71
R,0x107B9000
W,0x107BA000,54
R,0x107BA000
W,0x107BB000,86
R,0x107BB000
W,0x107BC000,71
R,0x107BC000
W,0x107BD000,82
R,0x107BD000
W,0x107BE000,13
R,0x107BE000
W,0x107BF000,46
R,0x107BF000
W,0x107C0000,29
R,0x107C0000
W,0x107C1000,33
R,0x107C1000
W,0x107C2000,95
R,0x107C2000
W,0x107C3000,64
R,0x107C3000
W,0x107C4000,21
R,0x107C4000
W,0x107C5000,31
R,0x107C5000
W,0x107C6000,84
R,0x107C6000
W,0x107C7000,99
R,0x107C7000
W,0x107C8000,62
R,0x107C8000
W,0x107C9000,88
R,0x107C9000
W,0x107CA000,13
R,0x107CA000
W,0x107CB000,82
R,0x107CB000
W,0x107CC000,71
R,0x107CC000
W,0x107CD000,55
R,0x107CD000
W,0x107CE000,56
R,0x107CE000
W,0x107CF000,74
R,0x107CF000
W,0x107D0000,30
R,0x107D0000
W,0x107D1000,91
R,0x107D1000
W,0x107D2000,13
R,0x107D2000
W,0x107D3000,50
R,0x107D3000
W,0x107D4000,19
R,0x107D4000
W,0x107D5000,79
R,0x107D5000
W,0x107D6000,90
R,0x107D6000
W,0x107D7000,39
R,0x107D7000
W,0x107D8000,95
R,0x107D8000
W,0x107D9000,91
R,0x107D9000
W,0x107DA000,63
R,0x107DA000
W,0x107DB000,19
R,0x107DB000
W,0x107DC000,91
R,0x107DC000
W,0x107DD000,85
R,0x107DD000
W,0x107DE000,51
R,0x107DE000
W,0x107DF000,17
R,0x107DF000
W,0x107E0000,25
R,0x107E0000
W,0x107E1000,56
R,0x107E1000
W,0x107E2000,23
R,0x107E2000
W,0x107E3000,82
R,0x107E3000
W,0x107E4000,24
R,0x107E4000
W,0x107E5000,32
R,0x107E5000
W,0x107E6000,13
R,0x107E6000
W,0x107E7000,32
R,0x107E7000
W,0x107E8000,62
R,0x107E8000
W,0x107E9000,41
R,0x107E9000
W,0x107EA000,51
R,0x107EA000
W,0x107EB000,41
R,0x107EB000
W,0x107EC000,17
R,0x107EC000
W,0x107ED000,53
R,0x107ED000
W,0x107EE000,63
R,0x107EE000
W,0x107EF000,50
R,0x107EF000
W,0x107F0000,82
R,0x107F0000
W,0x107F1000,10
R,0x107F1000
W,0x107F2000,86
R,0x107F2000
W,0x107F3000,39
R,0x107F3000
W,0x107F4000,49
R,0x107F4000
W,0x107F5000,51
R,0x107F5000
W,0x107F6000,36
R,0x107F6000
W,0x107F7000,68
R,0x107F7000
W,0x107F8000,85
R,0x107F8000
W,0x107F9000,96
R,0x107F9000
W,0x107FA000,94
R,0x107FA000
W,0x107FB000,86
R,0x107FB000
W,0x107FC000,40
R,0x107FC000
W,0x107FD000,97
R,0x107FD000
W,0x107FE000,39
R,0x107FE000
W,0x107FF000,58
R,0x107FF000
W,0x10800000,69
R,0x10800000
W,0x10801000,15
R,0x10801000
W,0x10802000,31
R,0x10802000
W,0x10803000,16
R,0x10803000
W,0x10804000,45
R,0x10804000
W,0x10805000,94
R,0x10805000
W,0x10806000,31
R,0x10806000
W,0x10807000,96
R,0x10807000
W,0x10808000,38
R,0x10808000
W,0x10809000,22
R,0x10809000
W,0x1080A000,30
R,0x1080A000
W,0x1080B000,19
R,0x1080B000
W,0x1080C000,88
R,0x1080C000
W,0x1080D000,27
R,0x1080D000
W,0x1080E000,14
R,0x1080E000
W,0x1080F000,19
R,0x1080F000
W,0x10810000,14
R,0x10810000
W,0x10811000,37
R,0x10811000
W,0x10812000,80
R,0x10812000
W,0x10813000,54
R,0x10813000
W,0x10814000,88
R,0x10814000
W,0x10815000,12
R,0x10815000
W,0x10816000,41
R,0x10816000
W,0x10817000,19
R,0x10817000
W,0x10818000,54
R,0x10818000
W,0x10819000,41
R,0x10819000
W,0x1081A000,63
R,0x1081A000
W,0x1081B000,22
R,0x1081B000
W,0x1081C000,25
R,0x1081C000
W,0x1081D000,33
R,0x1081D000
W,0x1081E000,92
R,0x1081E000
W,0x1081F000,100
R,0x1081F000
W,0x10820000,83
R,0x10820000
W,0x10821000,97
R,0x10821000
W,0x10822000,27
R,0x10822000
W,0x10823000,83
R,0x10823000
W,0x10824000,40
R,0x10824000
W,0x10825000,25
R,0x10825000
W,0x10826000,56
R,0x10826000
W,0x10827000,88
R,0x10827000
W,0x10828000,32
R,0x10828000
W,0x10829000,73
R,0x10829000
W,0x1082A000,29
R,0x1082A000
W,0x1082B000,33
R,0x1082B000
W,0x1082C000,37
R,0x1082C000
W,0x1082D000,70
R,0x1082D000
W,0x1082E000,91
R,0x1082E000
W,0x1082F000,40
R,0x1082F000
W,0x10830000,74
R,0x10830000
W,0x10831000,44
R,0x10831000
W,0x10832000,34
R,0x10832000
W,0x10833000,40
R,0x10833000
W,0x10834000,96
R,0x10834000
W,0x10835000,48
R,0x10835000
W,0x10836000,88
R,0x10836000
W,0x10837000,41
R,0x10837000
W,0x10838000,82
R,0x10838000
W,0x10839000,33
R,0x10839000
W,0x1083A000,46
R,0x1083A000
W,0x1083B000,43
R,0x1083B000
W,0x1083C000,67
R,0x1083C000
W,0x1083D000,72
R,0x1083D000
W,0x1083E000,27
R,0x1083E000
W,0x1083F000,65
R,0x1083F000
W,0x10840000,38
R,0x10840000
W,0x10841000,84
R,0x10841000
W,0x10842000,85
R,0x10842000
W,0x10843000,25
R,0x10843000
W,0x10844000,23
R,0x10844000
W,0x10845000,12
R,0x10845000
W,0x10846000,55
R,0x10846000
W,0x10847000,97
R,0x10847000
W,0x10848000,93
R,0x10848000
W,0x10849000,61
R,0x10849000
W,0x1084A000,69
R,0x1084A000
W,0x1084B000,67
R,0x1084B000
W,0x1084C000,48
R,0x1084C000
W,0x1084D000,80
R,0x1084D000
W,0x1084E000,96
R,0x1084E000
W,0x1084F000,73
R,0x1084F000
W,0x10850000,15
R,0x10850000
W,0x10851000,59
R,0x10851000
W,0x10852000,71
R,0x10852000
W,0x10853000,28
R,0x10853000
W,0x10854000,20
R,0x10854000
W,0x10855000,86
R,0x10855000
W,0x10856000,75
R,0x10856000
W,0x10857000,92
R,0x10857000
W,0x10858000,36
R,0x10858000
W,0x10859000,89
R,0x10859000
W,0x1085A000,38
R,0x1085A000
W,0x1085B000,12
R,0x1085B000
W,0x1085C000,54
R,0x1085C000
W,0x1085D000,21
R,0x1085D000
W,0x1085E000,100
R,0x1085E000
W,0x1085F000,44
R,0x1085F000
W,0x10860000,25
R,0x10860000
W,0x10861000,70
R,0x10861000
W,0x10862000,79
R,0x10862000
W,0x10863000,75
R,0x10863000
W,0x10864000,23
R,0x10864000
W,0x10865000,98
R,0x10865000
W,0x10866000,37
R,0x10866000
W,0x10867000,23
R,0x10867000
W,0x10868000,36
R,0x10868000
W,0x10869000,92
R,0x10869000
W,0x1086A000,43
R,0x1086A000
W,0x1086B000,31
R,0x1086B000
W,0x1086C000,16
R,0x1086C000
W,0x1086D000,15
R,0x1086D000
W,0x1086E000,72
R,0x1086E000
W,0x1086F000,67
R,0x1086F000
W,0x10870000,94
R,0x10870000
W,0x10871000,44
R,0x10871000
W,0x10872000,40
R,0x10872000
W,0x10873000,52
R,0x10873000
W,0x10874000,17
R,0x10874000
W,0x10875000,24
R,0x10875000
W,0x10876000,11
R,0x10876000
W,0x10877000,56
R,0x10877000
W,0x10878000,40
R,0x10878000
W,0x10879000,34
R,0x10879000
W,0x1087A000,70
R,0x1087A000
W,0x1087B000,31
R,0x1087B000
W,0x1087C000,94
R,0x1087C000
W,0x1087D000,87
R,0x1087D000
W,0x1087E000,57
R,0x1087E000
W,0x1087F000,72
R,0x1087F000
W,0x10880000,93
R,0x10880000
W,0x10881000,56
R,0x10881000
W,0x10882000,99
R,0x10882000
W,0x10883000,66
R,0x10883000
W,0x10884000,33
R,0x10884000
W,0x10885000,90
R,0x10885000
W,0x10886000,52
R,0x10886000
W,0x10887000,16
R,0x10887000
W,0x10888000,13
R,0x10888000
W,0x10889000,98
R,0x10889000
W,0x1088A000,38
R,0x1088A000
W,0x1088B000,11
R,0x1088B000
W,0x1088C000,12
R,0x1088C000
W,0x1088D000,90
R,0x1088D000
W,0x1088E000,53
R,0x1088E000
W,0x1088F000,100
R,0x1088F000
W,0x10890000,61
R,0x10890000
W,0x10891000,88
R,0x10891000
W,0x10892000,16
R,0x10892000
W,0x10893000,69
R,0x10893000
W,0x10894000,20
R,0x10894000
W,0x10895000,86
R,0x10895000
W,0x10896000,73
R,0x10896000
W,0x10897000,63
R,0x10897000
W,0x10898000,97
R,0x10898000
W,0x10899000,76
R,0x10899000
W,0x1089A000,69
R,0x1089A000
W,0x1089B000,56
R,0x1089B000
W,0x1089C000,61
R,0x1089C000
W,0x1089D000,14
R,0x1089D000
W,0x1089E000,12
R,0x1089E000
W,0x1089F000,56
R,0x1089F000
W,0x108A0000,87
R,0x108A0000
W,0x108A1000,41
R,0x108A1000
W,0x108A2000,87
R,0x108A2000
W,0x108A3000,74
R,0x108A3000
W,0x108A4000,29
R,0x108A4000
W,0x108A5000,83
R,0x108A5000
W,0x108A6000,53
R,0x108A6000
W,0x108A7000,20
R,0x108A7000
W,0x108A8000,20
R,0x108A8000
W,0x108A9000,95
R,0x108A9000
W,0x108AA000,97
R,0x108AA000
W,0x108AB000,79
R,0x108AB000
W,0x108AC000,96
R,0x108AC000
W,0x108AD000,30
R,0x108AD000
W,0x108AE000,14
R,0x108AE000
W,0x108AF000,58
R,0x108AF000
W,0x108B0000,73
R,0x108B0000
W,0x108B1000,80
R,0x108B1000
W,0x108B2000,14
R,0x108B2000
W,0x108B3000,79
R,0x108B3000
W,0x108B4000,30
R,0x108B4000
W,0x108B5000,20
R,0x108B5000
W,0x108B6000,26
R,0x108B6000
W,0x108B7000,19
R,0x108B7000
W,0x108B8000,27
R,0x108B8000
W,0x108B9000,10
R,0x108B9000
W,0x108BA000,27
R,0x108BA000
W,0x108BB000,82
R,0x108BB000
W,0x108BC000,84
R,0x108BC000
W,0x108BD000,25
R,0x108BD000
W,0x108BE000,84
R,0x108BE000
W,0x108BF000,95
R,0x108BF000
W,0x108C0000,76
R,0x108C0000
W,0x108C1000,21
R,0x108C1000
W,0x108C2000,93
R,0x108C2000
W,0x108C3000,89
R,0x108C3000
W,0x108C4000,33
R,0x108C4000
W,0x108C5000,65
R,0x108C5000
W,0x108C6000,80
R,0x108C6000
W,0x108C7000,60
R,0x108C7000
W,0x108C8000,15
R,0x108C8000
W,0x108C9000,45
R,0x108C9000
W,0x108CA000,80
R,0x108CA000
W,0x108CB000,72
R,0x108CB000
W,0x108CC000,71
R,0x108CC000
W,0x108CD000,91
R,0x108CD000
W,0x108CE000,55
R,0x108CE000
W,0x108CF000,98
R,0x108CF000
W,0x108D0000,71
R,0x108D0000
W,0x108D1000,82
R,0x108D1000
W,0x108D2000,73
R,0x108D2000
W,0x108D3000,26
R,0x108D3000
W,0x108D4000,27
R,0x108D4000
W,0x108D5000,61
R,0x108D5000
W,0x108D6000,16
R,0x108D6000
W,0x108D7000,70
R,0x108D7000
W,0x108D8000,62
R,0x108D8000
W,0x108D9000,14
R,0x108D9000
W,0x108DA000,68
R,0x108DA000
W,0x108DB000,55
R,0x108DB000
W,0x108DC000,73
R,0x108DC000
W,0x108DD000,69
R,0x108DD000
W,0x108DE000,66
R,0x108DE000
W,0x108DF000,18
R,0x108DF000
W,0x108E0000,27
R,0x108E0000
W,0x108E1000,54
R,0x108E1000
W,0x108E2000,36
R,0x108E2000
W,0x108E3000,93
R,0x108E3000
W,0x108E4000,81
R,0x108E4000
W,0x108E5000,28
R,0x108E5000
W,0x108E6000,62
R,0x108E6000
W,0x108E7000,70
R,0x108E7000
W,0x108E8000,84
R,0x108E8000
W,0x108E9000,83
R,0x108E9000
W,0x108EA000,34
R,0x108EA000
W,0x108EB000,22
R,0x108EB000
W,0x108EC000,32
R,0x108EC000
W,0x108ED000,76
R,0x108ED000
W,0x108EE000,91
R,0x108EE000
W,0x108EF000,26
R,0x108EF000
W,0x108F0000,43
R,0x108F0000
W,0x108F1000,29
R,0x108F1000
W,0x108F2000,50
R,0x108F2000
W,0x108F3000,63
R,0x108F3000
W,0x108F4000,17
R,0x108F4000
W,0x108F5000,90
R,0x108F5000
W,0x108F6000,89
R,0x108F6000
W,0x108F7000,47
R,0x108F7000
W,0x108F8000,50
R,0x108F8000
W,0x108F9000,44
R,0x108F9000
W,0x108FA000,77
R,0x108FA000
W,0x108FB000,60
R,0x108FB000
W,0x108FC000,78
R,0x108FC000
W,0x108FD000,37
R,0x108FD000
W,0x108FE000,60
R,0x108FE000
W,0x108FF000,56
R,0x108FF000
W,0x10900000,72
R,0x10900000
W,0x10901000,38
R,0x10901000
W,0x10902000,55
R,0x10902000
W,0x10903000,18
R,0x10903000
W,0x10904000,100
R,0x10904000
W,0x10905000,16
R,0x10905000
W,0x10906000,58
R,0x10906000
W,0x10907000,90
R,0x10907000
W,0x10908000,72
R,0x10908000
W,0x10909000,91
R,0x10909000
W,0x1090A000,64
R,0x1090A000
W,0x1090B000,41
R,0x1090B000
W,0x1090C000,83
R,0x1090C000
W,0x1090D000,39
R,0x1090D000
W,0x1090E000,55
R,0x1090E000
W,0x1090F000,75
R,0x1090F000
W,0x10910000,52
R,0x10910000
W,0x10911000,82
R,0x10911000
W,0x10912000,20
R,0x10912000
W,0x10913000,80
R,0x10913000
W,0x10914000,96
R,0x10914000
W,0x10915000,100
R,0x10915000
W,0x10916000,54
R,0x10916000
W,0x10917000,87
R,0x10917000
W,0x10918000,45
R,0x10918000
W,0x10919000,75
R,0x10919000
W,0x1091A000,62
R,0x1091A000
W,0x1091B000,49
R,0x1091B000
W,0x1091C000,68
R,0x1091C000
W,0x1091D000,98
R,0x1091D000
W,0x1091E000,67
R,0x1091E000
W,0x1091F000,92
R,0x1091F000
W,0x10920000,15
R,0x10920000
W,0x10921000,70
R,0x10921000
W,0x10922000,39
R,0x10922000
W,0x10923000,51
R,0x10923000
W,0x10924000,39
R,0x10924000
W,0x10925000,70
R,0x10925000
W,0x10926000,52
R,0x10926000
W,0x10927000,40
R,0x10927000
W,0x10928000,69
R,0x10928000
W,0x10929000,98
R,0x10929000
W,0x1092A000,33
R,0x1092A000
W,0x1092B000,96
R,0x1092B000
W,0x1092C000,52
R,0x1092C000
W,0x1092D000,47
R,0x1092D000
W,0x1092E000,57
R,0x1092E000
W,0x1092F000,34
R,0x1092F000
W,0x10930000,87
R,0x10930000
W,0x10931000,58
R,0x10931000
W,0x10932000,74
R,0x10932000
W,0x10933000,33
R,0x10933000
W,0x10934000,37
R,0x10934000
W,0x10935000,44
R,0x10935000
W,0x10936000,84
R,0x10936000
W,0x10937000,19
R,0x10937000
W,0x10938000,15
R,0x10938000
W,0x10939000,48
R,0x10939000
W,0x1093A000,13
R,0x1093A000
W,0x1093B000,82
R,0x1093B000
W,0x1093C000,86
R,0x1093C000
W,0x1093D000,93
R,0x1093D000
W,0x1093E000,80
R,0x1093E000
W,0x1093F000,54
R,0x1093F000
W,0x10940000,61
R,0x10940000
W,0x10941000,99
R,0x10941000
W,0x10942000,73
R,0x10942000
W,0x10943000,61
R,0x10943000
W,0x10944000,76
R,0x10944000
W,0x10945000,100
R,0x10945000
W,0x10946000,57
R,0x10946000
W,0x10947000,35
R,0x10947000
W,0x10948000,33
R,0x10948000
W,0x10949000,90
R,0x10949000
W,0x1094A000,83
R,0x1094A000
W,0x1094B000,59
R,0x1094B000
W,0x1094C000,32
R,0x1094C000
W,0x1094D000,66
R,0x1094D000
W,0x1094E000,79
R,0x1094E000
W,0x1094F000,17
R,0x1094F000
W,0x10950000,79
R,0x10950000
W,0x10951000,53
R,0x10951000
W,0x10952000,92
R,0x10952000
W,0x10953000,14
R,0x10953000
W,0x10954000,63
R,0x10954000
W,0x10955000,18
R,0x10955000
W,0x10956000,26
R,0x10956000
W,0x10957000,54
R,0x10957000
W,0x10958000,53
R,0x10958000
W,0x10959000,32
R,0x10959000
W,0x1095A000,37
R,0x1095A000
W,0x1095B000,40
R,0x1095B000
W,0x1095C000,33
R,0x1095C000
W,0x1095D000,81
R,0x1095D000
W,0x1095E000,53
R,0x1095E000
W,0x1095F000,20
R,0x1095F000
W,0x10960000,100
R,0x10960000
W,0x10961000,14
R,0x10961000
W,0x10962000,64
R,0x10962000
W,0x10963000,89
R,0x10963000
W,0x10964000,45
R,0x10964000
W,0x10965000,89
R,0x10965000
W,0x10966000,84
R,0x10966000
W,0x10967000,52
R,0x10967000
W,0x10968000,65
R,0x10968000
W,0x10969000,94
R,0x10969000
W,0x1096A000,21
R,0x1096A000
W,0x1096B000,69
R,0x1096B000
W,0x1096C000,93
R,0x1096C000
W,0x1096D000,85
R,0x1096D000
W,0x1096E000,39
R,0x1096E000
W,0x1096F000,90
R,0x1096F000
W,0x10970000,71
R,0x10970000
W,0x10971000,50
R,0x10971000
W,0x10972000,53
R,0x10972000
W,0x10973000,67
R,0x10973000
W,0x10974000,97
R,0x10974000
W,0x10975000,22
R,0x10975000
W,0x10976000,49
R,0x10976000
W,0x10977000,57
R,0x10977000
W,0x10978000,48
R,0x10978000
W,0x10979000,20
R,0x10979000
W,0x1097A000,31
R,0x1097A000
W,0x1097B000,51
R,0x1097B000
W,0x1097C000,22
R,0x1097C000
W,0x1097D000,13
R,0x1097D000
W,0x1097E000,63
R,0x1097E000
W,0x1097F000,93
R,0x1097F000
W,0x10980000,27
R,0x10980000
W,0x10981000,28
R,0x10981000
W,0x10982000,62
R,0x10982000
W,0x10983000,54
R,0x10983000
W,0x10984000,59
R,0x10984000
W,0x10985000,60
R,0x10985000
W,0x10986000,47
R,0x10986000
W,0x10987000,72
R,0x10987000
W,0x10988000,67
R,0x10988000
W,0x10989000,38
R,0x10989000
W,0x1098A000,49
R,0x1098A000
W,0x1098B000,36
R,0x1098B000
W,0x1098C000,50
R,0x1098C000
W,0x1098D000,72
R,0x1098D000
W,0x1098E000,68
R,0x1098E000
W,0x1098F000,69
R,0x1098F000
W,0x10990000,70
R,0x10990000
W,0x10991000,16
R,0x10991000
W,0x10992000,23
R,0x10992000
W,0x10993000,62
R,0x10993000
W,0x10994000,68
R,0x10994000
W,0x10995000,59
R,0x10995000
W,0x10996000,52
R,0x10996000
W,0x10997000,67
R,0x10997000
W,0x10998000,87
R,0x10998000
W,0x10999000,34
R,0x10999000
W,0x1099A000,88
R,0x1099A000
W,0x1099B000,93
R,0x1099B000
W,0x1099C000,24
R,0x1099C000
W,0x1099D000,26
R,0x1099D000
W,0x1099E000,41
R,0x1099E000
W,0x1099F000,60
R,0x1099F000
W,0x109A0000,24
R,0x109A0000
W,0x109A1000,48
R,0x109A1000
W,0x109A2000,10
R,0x109A2000
W,0x109A3000,13
R,0x109A3000
W,0x109A4000,54
R,0x109A4000
W,0x109A5000,16
R,0x109A5000
W,0x109A6000,97
R,0x109A6000
W,0x109A7000,13
R,0x109A7000
W,0x109A8000,81
R,0x109A8000
W,0x109A9000,82
R,0x109A9000
W,0x109AA000,92
R,0x109AA000
W,0x109AB000,77
R,0x109AB000
W,0x109AC000,98
R,0x109AC000
W,0x109AD000,45
R,0x109AD000
W,0x109AE000,55
R,0x109AE000
W,0x109AF000,90
R,0x109AF000
W,0x109B0000,40
R,0x109B0000
W,0x109B1000,47
R,0x109B1000
W,0x109B2000,42
R,0x109B2000
W,0x109B3000,100
R,0x109B3000
W,0x109B4000,23
R,0x109B4000
W,0x109B5000,82
R,0x109B5000
W,0x109B6000,42
R,0x109B6000
W,0x109B7000,10
R,0x109B7000
W,0x109B8000,96
R,0x109B8000
W,0x109B9000,56
R,0x109B9000
W,0x109BA000,21
R,0x109BA000
W,0x109BB000,73
R,0x109BB000
W,0x109BC000,51
R,0x109BC000
W,0x109BD000,75
R,0x109BD000
W,0x109BE000,43
R,0x109BE000
W,0x109BF000,99
R,0x109BF000
W,0x109C0000,69
R,0x109C0000
W,0x109C1000,80
R,0x109C1000
W,0x109C2000,63
R,0x109C2000
W,0x109C3000,48
R,0x109C3000
