W,0x00000000,10
W,0x00001000,20
W,0x00002000,30
W,0x00003000,40
R,0x00000000
R,0x00001000
R,0x00002000
R,0x00003000
W,0x00000000,10
W,0x00001000,20
W,0x00002000,30
W,0x00003000,40
R,0x00000000
R,0x00001000
R,0x00002000
R,0x00003000
W,0x00000000,10
W,0x00001000,20
W,0x00002000,30
W,0x00003000,40
R,0x00000000
R,0x00001000
R,0x00002000
R,0x00003000
W,0x00000000,10
W,0x00001000,20
W,0x00002000,30
W,0x00003000,40
R,0x00000000
R,0x00001000
R,0x00002000
R,0x00003000
W,0x00000000,10
W,0x00001000,20
W,0x00002000,30
W,0x00003000,40
R,0x00000000
R,0x00001000
R,0x00002000
R,0x00003000
W,0x00000000,10
W,0x00001000,20
W,0x00002000,30
W,0x00003000,40
R,0x00000000
R,0x00001000
R,0x00002000
R,0x00003000
W,0x00000000,10
W,0x00001000,20
W,0x00002000,30
W,0x00003000,40
R,0x00000000
R,0x00001000
R,0x00002000
R,0x00003000
W,0x00000000,10
W,0x00001000,20
W,0x00002000,30
W,0x00003000,40
R,0x00000000
R,0x00001000
R,0x00002000
R,0x00003000
W,0x00000000,10
W,0x00001000,20
W,0x00002000,30
W,0x00003000,40
R,0x00000000
R,0x00001000
R,0x00002000
R,0x00003000
W,0x00000000,10
W,0x00001000,20
W,0x00002000,30
W,0x00003000,40
R,0x00000000
R,0x00001000
R,0x00002000
R,0x00003000
W,0x00000000,10
W,0x00001000,20
W,0x00002000,30
W,0x00003000,40
R,0x00000000
R,0x00001000
R,0x00002000
R,0x00003000
W,0x00000000,10
W,0x00001000,20
W,0x00002000,30
W,0x00003000,40
R,0x00000000
R,0x00001000
R,0x00002000
R,0x00003000
W,0x00000000,10
W,0x00001000,20
W,0x00002000,30
W,0x00003000,40
R,0x00000000
R,0x00001000
R,0x00002000
R,0x00003000
W,0x00000000,10
W,0x00001000,20
W,0x00002000,30
W,0x00003000,40
R,0x00000000
R,0x00001000
R,0x00002000
R,0x00003000
W,0x00000000,10
W,0x00001000,20
W,0x00002000,30
W,0x00003000,40
R,0x00000000
R,0x00001000
R,0x00002000
R,0x00003000
W,0x00000000,10
W,0x00001000,20
W,0x00002000,30
W,0x00003000,40
R,0x00000000
R,0x00001000
R,0x00002000
R,0x00003000
W,0x00000000,10
W,0x00001000,20
W,0x00002000,30
W,0x00003000,40
R,0x00000000
R,0x00001000
R,0x00002000
R,0x00003000
W,0x00000000,10
W,0x00001000,20
W,0x00002000,30
W,0x00003000,40
R,0x00000000
R,0x00001000
R,0x00002000
R,0x00003000
W,0x00000000,10
W,0x00001000,20
W,0x00002000,30
W,0x00003000,40
R,0x00000000
R,0x00001000
R,0x00002000
R,0x00003000
W,0x00000000,10
W,0x00001000,20
W,0x00002000,30
W,0x00003000,40
R,0x00000000
R,0x00001000
R,0x00002000
R,0x00003000
W,0x00000000,10
W,0x00001000,20
W,0x00002000,30
W,0x00003000,40
R,0x00000000
R,0x00001000
R,0x00002000
R,0x00003000
W,0x00000000,10
W,0x00001000,20
W,0x00002000,30
W,0x00003000,40
R,0x00000000
R,0x00001000
R,0x00002000
R,0x00003000
W,0x00000000,10
W,0x00001000,20
W,0x00002000,30
W,0x00003000,40
R,0x00000000
R,0x00001000
R,0x00002000
R,0x00003000
W,0x00000000,10
W,0x00001000,20
W,0x00002000,30
W,0x00003000,40
R,0x00000000
R,0x00001000
R,0x00002000
R,0x00003000
W,0x00000000,10
W,0x00001000,20
W,0x00002000,30
W,0x00003000,40
R,0x00000000
R,0x00001000
R,0x00002000
R,0x00003000
W,0x00000000,10
W,0x00001000,20
W,0x00002000,30
W,0x00003000,40
R,0x00000000
R,0x00001000
R,0x00002000
R,0x00003000
W,0x00000000,10
W,0x00001000,20
W,0x00002000,30
W,0x00003000,40
R,0x00000000
R,0x00001000
R,0x00002000
R,0x00003000
W,0x00000000,10
W,0x00001000,20
W,0x00002000,30
W,0x00003000,40
R,0x00000000
R,0x00001000
R,0x00002000
R,0x00003000
W,0x00000000,10
W,0x00001000,20
W,0x00002000,30
W,0x00003000,40
R,0x00000000
R,0x00001000
R,0x00002000
R,0x00003000
W,0x00000000,10
W,0x00001000,20
W,0x00002000,30
W,0x00003000,40
R,0x00000000
R,0x00001000
R,0x00002000
R,0x00003000
W,0x00000000,10
W,0x00001000,20
W,0x00002000,30
W,0x00003000,40
R,0x00000000
R,0x00001000
R,0x00002000
R,0x00003000
W,0x00000000,10
W,0x00001000,20
W,0x00002000,30
W,0x00003000,40
R,0x00000000
R,0x00001000
R,0x00002000
R,0x00003000
W,0x00000000,10
W,0x00001000,20
W,0x00002000,30
W,0x00003000,40
R,0x00000000
R,0x00001000
R,0x00002000
R,0x00003000
W,0x00000000,10
W,0x00001000,20
W,0x00002000,30
W,0x00003000,40
R,0x00000000
R,0x00001000
R,0x00002000
R,0x00003000
W,0x00000000,10
W,0x00001000,20
W,0x00002000,30
W,0x00003000,40
R,0x00000000
R,0x00001000
R,0x00002000
R,0x00003000
W,0x00000000,10
W,0x00001000,20
W,0x00002000,30
W,0x00003000,40
R,0x00000000
R,0x00001000
R,0x00002000
R,0x00003000
W,0x00000000,10
W,0x00001000,20
W,0x00002000,30
W,0x00003000,40
R,0x00000000
R,0x00001000
R,0x00002000
R,0x00003000
W,0x00000000,10
W,0x00001000,20
W,0x00002000,30
W,0x00003000,40
R,0x00000000
R,0x00001000
R,0x00002000
R,0x00003000
W,0x00000000,10
W,0x00001000,20
W,0x00002000,30
W,0x00003000,40
R,0x00000000
R,0x00001000
R,0x00002000
R,0x00003000
W,0x00000000,10
W,0x00001000,20
W,0x00002000,30
W,0x00003000,40
R,0x00000000
R,0x00001000
R,0x00002000
R,0x00003000
W,0x00000000,10
W,0x00001000,20
W,0x00002000,30
W,0x00003000,40
R,0x00000000
R,0x00001000
R,0x00002000
R,0x00003000
W,0x00000000,10
W,0x00001000,20
W,0x00002000,30
W,0x00003000,40
R,0x00000000
R,0x00001000
R,0x00002000
R,0x00003000
W,0x00000000,10
W,0x00001000,20
W,0x00002000,30
W,0x00003000,40
R,0x00000000
R,0x00001000
R,0x00002000
R,0x00003000
W,0x00000000,10
W,0x00001000,20
W,0x00002000,30
W,0x00003000,40
R,0x00000000
R,0x00001000
R,0x00002000
R,0x00003000
W,0x00000000,10
W,0x00001000,20
W,0x00002000,30
W,0x00003000,40
R,0x00000000
R,0x00001000
R,0x00002000
R,0x00003000
W,0x00000000,10
W,0x00001000,20
W,0x00002000,30
W,0x00003000,40
R,0x00000000
R,0x00001000
R,0x00002000
R,0x00003000
W,0x00000000,10
W,0x00001000,20
W,0x00002000,30
W,0x00003000,40
R,0x00000000
R,0x00001000
R,0x00002000
R,0x00003000
W,0x00000000,10
W,0x00001000,20
W,0x00002000,30
W,0x00003000,40
R,0x00000000
R,0x00001000
R,0x00002000
R,0x00003000
W,0x00000000,10
W,0x00001000,20
W,0x00002000,30
W,0x00003000,40
R,0x00000000
R,0x00001000
R,0x00002000
R,0x00003000
W,0x00000000,10
W,0x00001000,20
W,0x00002000,30
W,0x00003000,40
R,0x00000000
R,0x00001000
R,0x00002000
R,0x00003000
W,0x00000000,10
W,0x00001000,20
W,0x00002000,30
W,0x00003000,40
R,0x00000000
R,0x00001000
R,0x00002000
R,0x00003000
W,0x00000000,10
W,0x00001000,20
W,0x00002000,30
W,0x00003000,40
R,0x00000000
R,0x00001000
R,0x00002000
R,0x00003000
W,0x00000000,10
W,0x00001000,20
W,0x00002000,30
W,0x00003000,40
R,0x00000000
R,0x00001000
R,0x00002000
R,0x00003000
W,0x00000000,10
W,0x00001000,20
W,0x00002000,30
W,0x00003000,40
R,0x00000000
R,0x00001000
R,0x00002000
R,0x00003000
W,0x00000000,10
W,0x00001000,20
W,0x00002000,30
W,0x00003000,40
R,0x00000000
R,0x00001000
R,0x00002000
R,0x00003000
W,0x00000000,10
W,0x00001000,20
W,0x00002000,30
W,0x00003000,40
R,0x00000000
R,0x00001000
R,0x00002000
R,0x00003000
W,0x00000000,10
W,0x00001000,20
W,0x00002000,30
W,0x00003000,40
R,0x00000000
R,0x00001000
R,0x00002000
R,0x00003000
W,0x00000000,10
W,0x00001000,20
W,0x00002000,30
W,0x00003000,40
R,0x00000000
R,0x00001000
R,0x00002000
R,0x00003000
W,0x00000000,10
W,0x00001000,20
W,0x00002000,30
W,0x00003000,40
R,0x00000000
R,0x00001000
R,0x00002000
R,0x00003000
W,0x00000000,10
W,0x00001000,20
W,0x00002000,30
W,0x00003000,40
R,0x00000000
R,0x00001000
R,0x00002000
R,0x00003000
W,0x00000000,10
W,0x00001000,20
W,0x00002000,30
W,0x00003000,40
R,0x00000000
R,0x00001000
R,0x00002000
R,0x00003000
W,0x00000000,10
W,0x00001000,20
W,0x00002000,30
W,0x00003000,40
R,0x00000000
R,0x00001000
R,0x00002000
R,0x00003000
W,0x00000000,10
W,0x00001000,20
W,0x00002000,30
W,0x00003000,40
R,0x00000000
R,0x00001000
R,0x00002000
R,0x00003000
W,0x00000000,10
W,0x00001000,20
W,0x00002000,30
W,0x00003000,40
R,0x00000000
R,0x00001000
R,0x00002000
R,0x00003000
W,0x00000000,10
W,0x00001000,20
W,0x00002000,30
W,0x00003000,40
R,0x00000000
R,0x00001000
R,0x00002000
R,0x00003000
W,0x00000000,10
W,0x00001000,20
W,0x00002000,30
W,0x00003000,40
R,0x00000000
R,0x00001000
R,0x00002000
R,0x00003000
W,0x00000000,10
W,0x00001000,20
W,0x00002000,30
W,0x00003000,40
R,0x00000000
R,0x00001000
R,0x00002000
R,0x00003000
W,0x00000000,10
W,0x00001000,20
W,0x00002000,30
W,0x00003000,40
R,0x00000000
R,0x00001000
R,0x00002000
R,0x00003000
W,0x00000000,10
W,0x00001000,20
W,0x00002000,30
W,0x00003000,40
R,0x00000000
R,0x00001000
R,0x00002000
R,0x00003000
W,0x00000000,10
W,0x00001000,20
W,0x00002000,30
W,0x00003000,40
R,0x00000000
R,0x00001000
R,0x00002000
R,0x00003000
W,0x00000000,10
W,0x00001000,20
W,0x00002000,30
W,0x00003000,40
R,0x00000000
R,0x00001000
R,0x00002000
R,0x00003000
W,0x00000000,10
W,0x00001000,20
W,0x00002000,30
W,0x00003000,40
R,0x00000000
R,0x00001000
R,0x00002000
R,0x00003000
W,0x00000000,10
W,0x00001000,20
W,0x00002000,30
W,0x00003000,40
R,0x00000000
R,0x00001000
R,0x00002000
R,0x00003000
W,0x00000000,10
W,0x00001000,20
W,0x00002000,30
W,0x00003000,40
R,0x00000000
R,0x00001000
R,0x00002000
R,0x00003000
W,0x00000000,10
W,0x00001000,20
W,0x00002000,30
W,0x00003000,40
R,0x00000000
R,0x00001000
R,0x00002000
R,0x00003000
W,0x00000000,10
W,0x00001000,20
W,0x00002000,30
W,0x00003000,40
R,0x00000000
R,0x00001000
R,0x00002000
R,0x00003000
W,0x00000000,10
W,0x00001000,20
W,0x00002000,30
W,0x00003000,40
R,0x00000000
R,0x00001000
R,0x00002000
R,0x00003000
W,0x00000000,10
W,0x00001000,20
W,0x00002000,30
W,0x00003000,40
R,0x00000000
R,0x00001000
R,0x00002000
R,0x00003000
W,0x00000000,10
W,0x00001000,20
W,0x00002000,30
W,0x00003000,40
R,0x00000000
R,0x00001000
R,0x00002000
R,0x00003000
W,0x00000000,10
W,0x00001000,20
W,0x00002000,30
W,0x00003000,40
R,0x00000000
R,0x00001000
R,0x00002000
R,0x00003000
W,0x00000000,10
W,0x00001000,20
W,0x00002000,30
W,0x00003000,40
R,0x00000000
R,0x00001000
R,0x00002000
R,0x00003000
W,0x00000000,10
W,0x00001000,20
W,0x00002000,30
W,0x00003000,40
R,0x00000000
R,0x00001000
R,0x00002000
R,0x00003000
W,0x00000000,10
W,0x00001000,20
W,0x00002000,30
W,0x00003000,40
R,0x00000000
R,0x00001000
R,0x00002000
R,0x00003000
W,0x00000000,10
W,0x00001000,20
W,0x00002000,30
W,0x00003000,40
R,0x00000000
R,0x00001000
R,0x00002000
R,0x00003000
W,0x00000000,10
W,0x00001000,20
W,0x00002000,30
W,0x00003000,40
R,0x00000000
R,0x00001000
R,0x00002000
R,0x00003000
W,0x00000000,10
W,0x00001000,20
W,0x00002000,30
W,0x00003000,40
R,0x00000000
R,0x00001000
R,0x00002000
R,0x00003000
W,0x00000000,10
W,0x00001000,20
W,0x00002000,30
W,0x00003000,40
R,0x00000000
R,0x00001000
R,0x00002000
R,0x00003000
W,0x00000000,10
W,0x00001000,20
W,0x00002000,30
W,0x00003000,40
R,0x00000000
R,0x00001000
R,0x00002000
R,0x00003000
W,0x00000000,10
W,0x00001000,20
W,0x00002000,30
W,0x00003000,40
R,0x00000000
R,0x00001000
R,0x00002000
R,0x00003000
W,0x00000000,10
W,0x00001000,20
W,0x00002000,30
W,0x00003000,40
R,0x00000000
R,0x00001000
R,0x00002000
R,0x00003000
W,0x00000000,10
W,0x00001000,20
W,0x00002000,30
W,0x00003000,40
R,0x00000000
R,0x00001000
R,0x00002000
R,0x00003000
W,0x00000000,10
W,0x00001000,20
W,0x00002000,30
W,0x00003000,40
R,0x00000000
R,0x00001000
R,0x00002000
R,0x00003000
W,0x00000000,10
W,0x00001000,20
W,0x00002000,30
W,0x00003000,40
R,0x00000000
R,0x00001000
R,0x00002000
R,0x00003000
W,0x00000000,10
W,0x00001000,20
W,0x00002000,30
W,0x00003000,40
R,0x00000000
R,0x00001000
R,0x00002000
R,0x00003000
W,0x00000000,10
W,0x00001000,20
W,0x00002000,30
W,0x00003000,40
R,0x00000000
R,0x00001000
R,0x00002000
R,0x00003000
W,0x00000000,10
W,0x00001000,20
W,0x00002000,30
W,0x00003000,40
R,0x00000000
R,0x00001000
R,0x00002000
R,0x00003000
W,0x00000000,10
W,0x00001000,20
W,0x00002000,30
W,0x00003000,40
R,0x00000000
R,0x00001000
R,0x00002000
R,0x00003000
W,0x00000000,10
W,0x00001000,20
W,0x00002000,30
W,0x00003000,40
R,0x00000000
R,0x00001000
R,0x00002000
R,0x00003000
W,0x00000000,10
W,0x00001000,20
W,0x00002000,30
W,0x00003000,40
R,0x00000000
R,0x00001000
R,0x00002000
R,0x00003000
W,0x00000000,10
W,0x00001000,20
W,0x00002000,30
W,0x00003000,40
R,0x00000000
R,0x00001000
R,0x00002000
R,0x00003000
W,0x00000000,10
W,0x00001000,20
W,0x00002000,30
W,0x00003000,40
R,0x00000000
R,0x00001000
R,0x00002000
R,0x00003000
W,0x00000000,10
W,0x00001000,20
W,0x00002000,30
W,0x00003000,40
R,0x00000000
R,0x00001000
R,0x00002000
R,0x00003000
W,0x00000000,10
W,0x00001000,20
W,0x00002000,30
W,0x00003000,40
R,0x00000000
R,0x00001000
R,0x00002000
R,0x00003000
W,0x00000000,10
W,0x00001000,20
W,0x00002000,30
W,0x00003000,40
R,0x00000000
R,0x00001000
R,0x00002000
R,0x00003000
W,0x00000000,10
W,0x00001000,20
W,0x00002000,30
W,0x00003000,40
R,0x00000000
R,0x00001000
R,0x00002000
R,0x00003000
W,0x00000000,10
W,0x00001000,20
W,0x00002000,30
W,0x00003000,40
R,0x00000000
R,0x00001000
R,0x00002000
R,0x00003000
W,0x00000000,10
W,0x00001000,20
W,0x00002000,30
W,0x00003000,40
R,0x00000000
R,0x00001000
R,0x00002000
R,0x00003000
W,0x00000000,10
W,0x00001000,20
W,0x00002000,30
W,0x00003000,40
R,0x00000000
R,0x00001000
R,0x00002000
R,0x00003000
W,0x00000000,10
W,0x00001000,20
W,0x00002000,30
W,0x00003000,40
R,0x00000000
R,0x00001000
R,0x00002000
R,0x00003000
W,0x00000000,10
W,0x00001000,20
W,0x00002000,30
W,0x00003000,40
R,0x00000000
R,0x00001000
R,0x00002000
R,0x00003000
W,0x00000000,10
W,0x00001000,20
W,0x00002000,30
W,0x00003000,40
R,0x00000000
R,0x00001000
R,0x00002000
R,0x00003000
W,0x00000000,10
W,0x00001000,20
W,0x00002000,30
W,0x00003000,40
R,0x00000000
R,0x00001000
R,0x00002000
R,0x00003000
W,0x00000000,10
W,0x00001000,20
W,0x00002000,30
W,0x00003000,40
R,0x00000000
R,0x00001000
R,0x00002000
R,0x00003000
W,0x00000000,10
W,0x00001000,20
W,0x00002000,30
W,0x00003000,40
R,0x00000000
R,0x00001000
R,0x00002000
R,0x00003000
W,0x00000000,10
W,0x00001000,20
W,0x00002000,30
W,0x00003000,40
R,0x00000000
R,0x00001000
R,0x00002000
R,0x00003000
W,0x00000000,10
W,0x00001000,20
W,0x00002000,30
W,0x00003000,40
R,0x00000000
R,0x00001000
R,0x00002000
R,0x00003000
W,0x00000000,10
W,0x00001000,20
W,0x00002000,30
W,0x00003000,40
R,0x00000000
R,0x00001000
R,0x00002000
R,0x00003000
W,0x00000000,10
W,0x00001000,20
W,0x00002000,30
W,0x00003000,40
R,0x00000000
R,0x00001000
R,0x00002000
R,0x00003000
W,0x00000000,10
W,0x00001000,20
W,0x00002000,30
W,0x00003000,40
R,0x00000000
R,0x00001000
R,0x00002000
R,0x00003000
W,0x00000000,10
W,0x00001000,20
W,0x00002000,30
W,0x00003000,40
R,0x00000000
R,0x00001000
R,0x00002000
R,0x00003000
W,0x00000000,10
W,0x00001000,20
W,0x00002000,30
W,0x00003000,40
R,0x00000000
R,0x00001000
R,0x00002000
R,0x00003000
W,0x00000000,10
W,0x00001000,20
W,0x00002000,30
W,0x00003000,40
R,0x00000000
R,0x00001000
R,0x00002000
R,0x00003000
W,0x00000000,10
W,0x00001000,20
W,0x00002000,30
W,0x00003000,40
R,0x00000000
R,0x00001000
R,0x00002000
R,0x00003000
W,0x00000000,10
W,0x00001000,20
W,0x00002000,30
W,0x00003000,40
R,0x00000000
R,0x00001000
R,0x00002000
R,0x00003000
W,0x00000000,10
W,0x00001000,20
W,0x00002000,30
W,0x00003000,40
R,0x00000000
R,0x00001000
R,0x00002000
R,0x00003000
W,0x00000000,10
W,0x00001000,20
W,0x00002000,30
W,0x00003000,40
R,0x00000000
R,0x00001000
R,0x00002000
R,0x00003000
W,0x00000000,10
W,0x00001000,20
W,0x00002000,30
W,0x00003000,40
R,0x00000000
R,0x00001000
R,0x00002000
R,0x00003000
W,0x00000000,10
W,0x00001000,20
W,0x00002000,30
W,0x00003000,40
R,0x00000000
R,0x00001000
R,0x00002000
R,0x00003000
W,0x00000000,10
W,0x00001000,20
W,0x00002000,30
W,0x00003000,40
R,0x00000000
R,0x00001000
R,0x00002000
R,0x00003000
W,0x00000000,10
W,0x00001000,20
W,0x00002000,30
W,0x00003000,40
R,0x00000000
R,0x00001000
R,0x00002000
R,0x00003000
W,0x00000000,10
W,0x00001000,20
W,0x00002000,30
W,0x00003000,40
R,0x00000000
R,0x00001000
R,0x00002000
R,0x00003000
W,0x00000000,10
W,0x00001000,20
W,0x00002000,30
W,0x00003000,40
R,0x00000000
R,0x00001000
R,0x00002000
R,0x00003000
W,0x00000000,10
W,0x00001000,20
W,0x00002000,30
W,0x00003000,40
R,0x00000000
R,0x00001000
R,0x00002000
R,0x00003000
W,0x00000000,10
W,0x00001000,20
W,0x00002000,30
W,0x00003000,40
R,0x00000000
R,0x00001000
R,0x00002000
R,0x00003000
W,0x00000000,10
W,0x00001000,20
W,0x00002000,30
W,0x00003000,40
R,0x00000000
R,0x00001000
R,0x00002000
R,0x00003000
W,0x00000000,10
W,0x00001000,20
W,0x00002000,30
W,0x00003000,40
R,0x00000000
R,0x00001000
R,0x00002000
R,0x00003000
W,0x00000000,10
W,0x00001000,20
W,0x00002000,30
W,0x00003000,40
R,0x00000000
R,0x00001000
R,0x00002000
R,0x00003000
W,0x00000000,10
W,0x00001000,20
W,0x00002000,30
W,0x00003000,40
R,0x00000000
R,0x00001000
R,0x00002000
R,0x00003000
W,0x00000000,10
W,0x00001000,20
W,0x00002000,30
W,0x00003000,40
R,0x00000000
R,0x00001000
R,0x00002000
R,0x00003000
W,0x00000000,10
W,0x00001000,20
W,0x00002000,30
W,0x00003000,40
R,0x00000000
R,0x00001000
R,0x00002000
R,0x00003000
W,0x00000000,10
W,0x00001000,20
W,0x00002000,30
W,0x00003000,40
R,0x00000000
R,0x00001000
R,0x00002000
R,0x00003000
W,0x00000000,10
W,0x00001000,20
W,0x00002000,30
W,0x00003000,40
R,0x00000000
R,0x00001000
R,0x00002000
R,0x00003000
W,0x00000000,10
W,0x00001000,20
W,0x00002000,30
W,0x00003000,40
R,0x00000000
R,0x00001000
R,0x00002000
R,0x00003000
W,0x00000000,10
W,0x00001000,20
W,0x00002000,30
W,0x00003000,40
R,0x00000000
R,0x00001000
R,0x00002000
R,0x00003000
W,0x00000000,10
W,0x00001000,20
W,0x00002000,30
W,0x00003000,40
R,0x00000000
R,0x00001000
R,0x00002000
R,0x00003000
W,0x00000000,10
W,0x00001000,20
W,0x00002000,30
W,0x00003000,40
R,0x00000000
R,0x00001000
R,0x00002000
R,0x00003000
W,0x00000000,10
W,0x00001000,20
W,0x00002000,30
W,0x00003000,40
R,0x00000000
R,0x00001000
R,0x00002000
R,0x00003000
W,0x00000000,10
W,0x00001000,20
W,0x00002000,30
W,0x00003000,40
R,0x00000000
R,0x00001000
R,0x00002000
R,0x00003000
W,0x00000000,10
W,0x00001000,20
W,0x00002000,30
W,0x00003000,40
R,0x00000000
R,0x00001000
R,0x00002000
R,0x00003000
W,0x00000000,10
W,0x00001000,20
W,0x00002000,30
W,0x00003000,40
R,0x00000000
R,0x00001000
R,0x00002000
R,0x00003000
W,0x00000000,10
W,0x00001000,20
W,0x00002000,30
W,0x00003000,40
R,0x00000000
R,0x00001000
R,0x00002000
R,0x00003000
W,0x00000000,10
W,0x00001000,20
W,0x00002000,30
W,0x00003000,40
R,0x00000000
R,0x00001000
R,0x00002000
R,0x00003000
W,0x00000000,10
W,0x00001000,20
W,0x00002000,30
W,0x00003000,40
R,0x00000000
R,0x00001000
R,0x00002000
R,0x00003000
W,0x00000000,10
W,0x00001000,20
W,0x00002000,30
W,0x00003000,40
R,0x00000000
R,0x00001000
R,0x00002000
R,0x00003000
W,0x00000000,10
W,0x00001000,20
W,0x00002000,30
W,0x00003000,40
R,0x00000000
R,0x00001000
R,0x00002000
R,0x00003000
W,0x00000000,10
W,0x00001000,20
W,0x00002000,30
W,0x00003000,40
R,0x00000000
R,0x00001000
R,0x00002000
R,0x00003000
W,0x00000000,10
W,0x00001000,20
W,0x00002000,30
W,0x00003000,40
R,0x00000000
R,0x00001000
R,0x00002000
R,0x00003000
W,0x00000000,10
W,0x00001000,20
W,0x00002000,30
W,0x00003000,40
R,0x00000000
R,0x00001000
R,0x00002000
R,0x00003000
W,0x00000000,10
W,0x00001000,20
W,0x00002000,30
W,0x00003000,40
R,0x00000000
R,0x00001000
R,0x00002000
R,0x00003000
W,0x00000000,10
W,0x00001000,20
W,0x00002000,30
W,0x00003000,40
R,0x00000000
R,0x00001000
R,0x00002000
R,0x00003000
W,0x00000000,10
W,0x00001000,20
W,0x00002000,30
W,0x00003000,40
R,0x00000000
R,0x00001000
R,0x00002000
R,0x00003000
W,0x00000000,10
W,0x00001000,20
W,0x00002000,30
W,0x00003000,40
R,0x00000000
R,0x00001000
R,0x00002000
R,0x00003000
W,0x00000000,10
W,0x00001000,20
W,0x00002000,30
W,0x00003000,40
R,0x00000000
R,0x00001000
R,0x00002000
R,0x00003000
W,0x00000000,10
W,0x00001000,20
W,0x00002000,30
W,0x00003000,40
R,0x00000000
R,0x00001000
R,0x00002000
R,0x00003000
W,0x00000000,10
W,0x00001000,20
W,0x00002000,30
W,0x00003000,40
R,0x00000000
R,0x00001000
R,0x00002000
R,0x00003000
W,0x00000000,10
W,0x00001000,20
W,0x00002000,30
W,0x00003000,40
R,0x00000000
R,0x00001000
R,0x00002000
R,0x00003000
W,0x00000000,10
W,0x00001000,20
W,0x00002000,30
W,0x00003000,40
R,0x00000000
R,0x00001000
R,0x00002000
R,0x00003000
W,0x00000000,10
W,0x00001000,20
W,0x00002000,30
W,0x00003000,40
R,0x00000000
R,0x00001000
R,0x00002000
R,0x00003000
W,0x00000000,10
W,0x00001000,20
W,0x00002000,30
W,0x00003000,40
R,0x00000000
R,0x00001000
R,0x00002000
R,0x00003000
W,0x00000000,10
W,0x00001000,20
W,0x00002000,30
W,0x00003000,40
R,0x00000000
R,0x00001000
R,0x00002000
R,0x00003000
W,0x00000000,10
W,0x00001000,20
W,0x00002000,30
W,0x00003000,40
R,0x00000000
R,0x00001000
R,0x00002000
R,0x00003000
W,0x00000000,10
W,0x00001000,20
W,0x00002000,30
W,0x00003000,40
R,0x00000000
R,0x00001000
R,0x00002000
R,0x00003000
W,0x00000000,10
W,0x00001000,20
W,0x00002000,30
W,0x00003000,40
R,0x00000000
R,0x00001000
R,0x00002000
R,0x00003000
W,0x00000000,10
W,0x00001000,20
W,0x00002000,30
W,0x00003000,40
R,0x00000000
R,0x00001000
R,0x00002000
R,0x00003000
W,0x00000000,10
W,0x00001000,20
W,0x00002000,30
W,0x00003000,40
R,0x00000000
R,0x00001000
R,0x00002000
R,0x00003000
W,0x00000000,10
W,0x00001000,20
W,0x00002000,30
W,0x00003000,40
R,0x00000000
R,0x00001000
R,0x00002000
R,0x00003000
W,0x00000000,10
W,0x00001000,20
W,0x00002000,30
W,0x00003000,40
R,0x00000000
R,0x00001000
R,0x00002000
R,0x00003000
W,0x00000000,10
W,0x00001000,20
W,0x00002000,30
W,0x00003000,40
R,0x00000000
R,0x00001000
R,0x00002000
R,0x00003000
W,0x00000000,10
W,0x00001000,20
W,0x00002000,30
W,0x00003000,40
R,0x00000000
R,0x00001000
R,0x00002000
R,0x00003000
W,0x00000000,10
W,0x00001000,20
W,0x00002000,30
W,0x00003000,40
R,0x00000000
R,0x00001000
R,0x00002000
R,0x00003000
W,0x00000000,10
W,0x00001000,20
W,0x00002000,30
W,0x00003000,40
R,0x00000000
R,0x00001000
R,0x00002000
R,0x00003000
W,0x00000000,10
W,0x00001000,20
W,0x00002000,30
W,0x00003000,40
R,0x00000000
R,0x00001000
R,0x00002000
R,0x00003000
W,0x00000000,10
W,0x00001000,20
W,0x00002000,30
W,0x00003000,40
R,0x00000000
R,0x00001000
R,0x00002000
R,0x00003000
W,0x00000000,10
W,0x00001000,20
W,0x00002000,30
W,0x00003000,40
R,0x00000000
R,0x00001000
R,0x00002000
R,0x00003000
W,0x00000000,10
W,0x00001000,20
W,0x00002000,30
W,0x00003000,40
R,0x00000000
R,0x00001000
R,0x00002000
R,0x00003000
W,0x00000000,10
W,0x00001000,20
W,0x00002000,30
W,0x00003000,40
R,0x00000000
R,0x00001000
R,0x00002000
R,0x00003000
W,0x00000000,10
W,0x00001000,20
W,0x00002000,30
W,0x00003000,40
R,0x00000000
R,0x00001000
R,0x00002000
R,0x00003000
W,0x00000000,10
W,0x00001000,20
W,0x00002000,30
W,0x00003000,40
R,0x00000000
R,0x00001000
R,0x00002000
R,0x00003000
W,0x00000000,10
W,0x00001000,20
W,0x00002000,30
W,0x00003000,40
R,0x00000000
R,0x00001000
R,0x00002000
R,0x00003000
W,0x00000000,10
W,0x00001000,20
W,0x00002000,30
W,0x00003000,40
R,0x00000000
R,0x00001000
R,0x00002000
R,0x00003000
W,0x00000000,10
W,0x00001000,20
W,0x00002000,30
W,0x00003000,40
R,0x00000000
R,0x00001000
R,0x00002000
R,0x00003000
W,0x00000000,10
W,0x00001000,20
W,0x00002000,30
W,0x00003000,40
R,0x00000000
R,0x00001000
R,0x00002000
R,0x00003000
W,0x00000000,10
W,0x00001000,20
W,0x00002000,30
W,0x00003000,40
R,0x00000000
R,0x00001000
R,0x00002000
R,0x00003000
W,0x00000000,10
W,0x00001000,20
W,0x00002000,30
W,0x00003000,40
R,0x00000000
R,0x00001000
R,0x00002000
R,0x00003000
W,0x00000000,10
W,0x00001000,20
W,0x00002000,30
W,0x00003000,40
R,0x00000000
R,0x00001000
R,0x00002000
R,0x00003000
W,0x00000000,10
W,0x00001000,20
W,0x00002000,30
W,0x00003000,40
R,0x00000000
R,0x00001000
R,0x00002000
R,0x00003000
W,0x00000000,10
W,0x00001000,20
W,0x00002000,30
W,0x00003000,40
R,0x00000000
R,0x00001000
R,0x00002000
R,0x00003000
W,0x00000000,10
W,0x00001000,20
W,0x00002000,30
W,0x00003000,40
R,0x00000000
R,0x00001000
R,0x00002000
R,0x00003000
W,0x00000000,10
W,0x00001000,20
W,0x00002000,30
W,0x00003000,40
R,0x00000000
R,0x00001000
R,0x00002000
R,0x00003000
W,0x00000000,10
W,0x00001000,20
W,0x00002000,30
W,0x00003000,40
R,0x00000000
R,0x00001000
R,0x00002000
R,0x00003000
W,0x00000000,10
W,0x00001000,20
W,0x00002000,30
W,0x00003000,40
R,0x00000000
R,0x00001000
R,0x00002000
R,0x00003000
W,0x00000000,10
W,0x00001000,20
W,0x00002000,30
W,0x00003000,40
R,0x00000000
R,0x00001000
R,0x00002000
R,0x00003000
W,0x00000000,10
W,0x00001000,20
W,0x00002000,30
W,0x00003000,40
R,0x00000000
R,0x00001000
R,0x00002000
R,0x00003000
W,0x00000000,10
W,0x00001000,20
W,0x00002000,30
W,0x00003000,40
R,0x00000000
R,0x00001000
R,0x00002000
R,0x00003000
W,0x00000000,10
W,0x00001000,20
W,0x00002000,30
W,0x00003000,40
R,0x00000000
R,0x00001000
R,0x00002000
R,0x00003000
W,0x00000000,10
W,0x00001000,20
W,0x00002000,30
W,0x00003000,40
R,0x00000000
R,0x00001000
R,0x00002000
R,0x00003000
W,0x00000000,10
W,0x00001000,20
W,0x00002000,30
W,0x00003000,40
R,0x00000000
R,0x00001000
R,0x00002000
R,0x00003000
W,0x00000000,10
W,0x00001000,20
W,0x00002000,30
W,0x00003000,40
R,0x00000000
R,0x00001000
R,0x00002000
R,0x00003000
W,0x00000000,10
W,0x00001000,20
W,0x00002000,30
W,0x00003000,40
R,0x00000000
R,0x00001000
R,0x00002000
R,0x00003000
W,0x00000000,10
W,0x00001000,20
W,0x00002000,30
W,0x00003000,40
R,0x00000000
R,0x00001000
R,0x00002000
R,0x00003000
W,0x00000000,10
W,0x00001000,20
W,0x00002000,30
W,0x00003000,40
R,0x00000000
R,0x00001000
R,0x00002000
R,0x00003000
W,0x00000000,10
W,0x00001000,20
W,0x00002000,30
W,0x00003000,40
R,0x00000000
R,0x00001000
R,0x00002000
R,0x00003000
W,0x00000000,10
W,0x00001000,20
W,0x00002000,30
W,0x00003000,40
R,0x00000000
R,0x00001000
R,0x00002000
R,0x00003000
W,0x00000000,10
W,0x00001000,20
W,0x00002000,30
W,0x00003000,40
R,0x00000000
R,0x00001000
R,0x00002000
R,0x00003000
W,0x00000000,10
W,0x00001000,20
W,0x00002000,30
W,0x00003000,40
R,0x00000000
R,0x00001000
R,0x00002000
R,0x00003000
W,0x00000000,10
W,0x00001000,20
W,0x00002000,30
W,0x00003000,40
R,0x00000000
R,0x00001000
R,0x00002000
R,0x00003000
W,0x00000000,10
W,0x00001000,20
W,0x00002000,30
W,0x00003000,40
R,0x00000000
R,0x00001000
R,0x00002000
R,0x00003000
W,0x00000000,10
W,0x00001000,20
W,0x00002000,30
W,0x00003000,40
R,0x00000000
R,0x00001000
R,0x00002000
R,0x00003000
W,0x00000000,10
W,0x00001000,20
W,0x00002000,30
W,0x00003000,40
R,0x00000000
R,0x00001000
R,0x00002000
R,0x00003000
W,0x00000000,10
W,0x00001000,20
W,0x00002000,30
W,0x00003000,40
R,0x00000000
R,0x00001000
R,0x00002000
R,0x00003000
W,0x00000000,10
W,0x00001000,20
W,0x00002000,30
W,0x00003000,40
R,0x00000000
R,0x00001000
R,0x00002000
R,0x00003000
W,0x00000000,10
W,0x00001000,20
W,0x00002000,30
W,0x00003000,40
R,0x00000000
R,0x00001000
R,0x00002000
R,0x00003000
W,0x00000000,10
W,0x00001000,20
W,0x00002000,30
W,0x00003000,40
R,0x00000000
R,0x00001000
R,0x00002000
R,0x00003000
W,0x00000000,10
W,0x00001000,20
W,0x00002000,30
W,0x00003000,40
R,0x00000000
R,0x00001000
R,0x00002000
R,0x00003000
W,0x00000000,10
W,0x00001000,20
W,0x00002000,30
W,0x00003000,40
R,0x00000000
R,0x00001000
R,0x00002000
R,0x00003000
W,0x00000000,10
W,0x00001000,20
W,0x00002000,30
W,0x00003000,40
R,0x00000000
R,0x00001000
R,0x00002000
R,0x00003000
W,0x00000000,10
W,0x00001000,20
W,0x00002000,30
W,0x00003000,40
R,0x00000000
R,0x00001000
R,0x00002000
R,0x00003000
W,0x00000000,10
W,0x00001000,20
W,0x00002000,30
W,0x00003000,40
R,0x00000000
R,0x00001000
R,0x00002000
R,0x00003000
W,0x00000000,10
W,0x00001000,20
W,0x00002000,30
W,0x00003000,40
R,0x00000000
R,0x00001000
R,0x00002000
R,0x00003000
W,0x00000000,10
W,0x00001000,20
W,0x00002000,30
W,0x00003000,40
R,0x00000000
R,0x00001000
R,0x00002000
R,0x00003000
W,0x00000000,10
W,0x00001000,20
W,0x00002000,30
W,0x00003000,40
R,0x00000000
R,0x00001000
R,0x00002000
R,0x00003000
W,0x00000000,10
W,0x00001000,20
W,0x00002000,30
W,0x00003000,40
R,0x00000000
R,0x00001000
R,0x00002000
R,0x00003000
W,0x00000000,10
W,0x00001000,20
W,0x00002000,30
W,0x00003000,40
R,0x00000000
R,0x00001000
R,0x00002000
R,0x00003000
W,0x00000000,10
W,0x00001000,20
W,0x00002000,30
W,0x00003000,40
R,0x00000000
R,0x00001000
R,0x00002000
R,0x00003000
W,0x00000000,10
W,0x00001000,20
W,0x00002000,30
W,0x00003000,40
R,0x00000000
R,0x00001000
R,0x00002000
R,0x00003000
W,0x00000000,10
W,0x00001000,20
W,0x00002000,30
W,0x00003000,40
R,0x00000000
R,0x00001000
R,0x00002000
R,0x00003000
W,0x00000000,10
W,0x00001000,20
W,0x00002000,30
W,0x00003000,40
R,0x00000000
R,0x00001000
R,0x00002000
R,0x00003000
W,0x00000000,10
W,0x00001000,20
W,0x00002000,30
W,0x00003000,40
R,0x00000000
R,0x00001000
R,0x00002000
R,0x00003000
W,0x00000000,10
W,0x00001000,20
W,0x00002000,30
W,0x00003000,40
R,0x00000000
R,0x00001000
R,0x00002000
R,0x00003000
W,0x00000000,10
W,0x00001000,20
W,0x00002000,30
W,0x00003000,40
R,0x00000000
R,0x00001000
R,0x00002000
R,0x00003000
W,0x00000000,10
W,0x00001000,20
W,0x00002000,30
W,0x00003000,40
R,0x00000000
R,0x00001000
R,0x00002000
R,0x00003000
W,0x00000000,10
W,0x00001000,20
W,0x00002000,30
W,0x00003000,40
R,0x00000000
R,0x00001000
R,0x00002000
R,0x00003000
W,0x00000000,10
W,0x00001000,20
W,0x00002000,30
W,0x00003000,40
R,0x00000000
R,0x00001000
R,0x00002000
R,0x00003000
W,0x00000000,10
W,0x00001000,20
W,0x00002000,30
W,0x00003000,40
R,0x00000000
R,0x00001000
R,0x00002000
R,0x00003000
W,0x00000000,10
W,0x00001000,20
W,0x00002000,30
W,0x00003000,40
R,0x00000000
R,0x00001000
R,0x00002000
R,0x00003000
W,0x00000000,10
W,0x00001000,20
W,0x00002000,30
W,0x00003000,40
R,0x00000000
R,0x00001000
R,0x00002000
R,0x00003000
W,0x00000000,10
W,0x00001000,20
W,0x00002000,30
W,0x00003000,40
R,0x00000000
R,0x00001000
R,0x00002000
R,0x00003000
W,0x00000000,10
W,0x00001000,20
W,0x00002000,30
W,0x00003000,40
R,0x00000000
R,0x00001000
R,0x00002000
R,0x00003000
W,0x00000000,10
W,0x00001000,20
W,0x00002000,30
W,0x00003000,40
R,0x00000000
R,0x00001000
R,0x00002000
R,0x00003000
W,0x00000000,10
W,0x00001000,20
W,0x00002000,30
W,0x00003000,40
R,0x00000000
R,0x00001000
R,0x00002000
R,0x00003000
W,0x00000000,10
W,0x00001000,20
W,0x00002000,30
W,0x00003000,40
R,0x00000000
R,0x00001000
R,0x00002000
R,0x00003000
W,0x00000000,10
W,0x00001000,20
W,0x00002000,30
W,0x00003000,40
R,0x00000000
R,0x00001000
R,0x00002000
R,0x00003000
W,0x00000000,10
W,0x00001000,20
W,0x00002000,30
W,0x00003000,40
R,0x00000000
R,0x00001000
R,0x00002000
R,0x00003000
W,0x00000000,10
W,0x00001000,20
W,0x00002000,30
W,0x00003000,40
R,0x00000000
R,0x00001000
R,0x00002000
R,0x00003000
W,0x00000000,10
W,0x00001000,20
W,0x00002000,30
W,0x00003000,40
R,0x00000000
R,0x00001000
R,0x00002000
R,0x00003000
W,0x00000000,10
W,0x00001000,20
W,0x00002000,30
W,0x00003000,40
R,0x00000000
R,0x00001000
R,0x00002000
R,0x00003000
W,0x00000000,10
W,0x00001000,20
W,0x00002000,30
W,0x00003000,40
R,0x00000000
R,0x00001000
R,0x00002000
R,0x00003000
W,0x00000000,10
W,0x00001000,20
W,0x00002000,30
W,0x00003000,40
R,0x00000000
R,0x00001000
R,0x00002000
R,0x00003000
W,0x00000000,10
W,0x00001000,20
W,0x00002000,30
W,0x00003000,40
R,0x00000000
R,0x00001000
R,0x00002000
R,0x00003000
W,0x00000000,10
W,0x00001000,20
W,0x00002000,30
W,0x00003000,40
R,0x00000000
R,0x00001000
R,0x00002000
R,0x00003000
W,0x00000000,10
W,0x00001000,20
W,0x00002000,30
W,0x00003000,40
R,0x00000000
R,0x00001000
R,0x00002000
R,0x00003000
W,0x00000000,10
W,0x00001000,20
W,0x00002000,30
W,0x00003000,40
R,0x00000000
R,0x00001000
R,0x00002000
R,0x00003000
W,0x00000000,10
W,0x00001000,20
W,0x00002000,30
W,0x00003000,40
R,0x00000000
R,0x00001000
R,0x00002000
R,0x00003000
W,0x00000000,10
W,0x00001000,20
W,0x00002000,30
W,0x00003000,40
R,0x00000000
R,0x00001000
R,0x00002000
R,0x00003000
W,0x00000000,10
W,0x00001000,20
W,0x00002000,30
W,0x00003000,40
R,0x00000000
R,0x00001000
R,0x00002000
R,0x00003000
W,0x00000000,10
W,0x00001000,20
W,0x00002000,30
W,0x00003000,40
R,0x00000000
R,0x00001000
R,0x00002000
R,0x00003000
W,0x00000000,10
W,0x00001000,20
W,0x00002000,30
W,0x00003000,40
R,0x00000000
R,0x00001000
R,0x00002000
R,0x00003000
W,0x00000000,10
W,0x00001000,20
W,0x00002000,30
W,0x00003000,40
R,0x00000000
R,0x00001000
R,0x00002000
R,0x00003000
W,0x00000000,10
W,0x00001000,20
W,0x00002000,30
W,0x00003000,40
R,0x00000000
R,0x00001000
R,0x00002000
R,0x00003000
W,0x00000000,10
W,0x00001000,20
W,0x00002000,30
W,0x00003000,40
R,0x00000000
R,0x00001000
R,0x00002000
R,0x00003000
W,0x00000000,10
W,0x00001000,20
W,0x00002000,30
W,0x00003000,40
R,0x00000000
R,0x00001000
R,0x00002000
R,0x00003000
W,0x00000000,10
W,0x00001000,20
W,0x00002000,30
W,0x00003000,40
R,0x00000000
R,0x00001000
R,0x00002000
R,0x00003000
W,0x00000000,10
W,0x00001000,20
W,0x00002000,30
W,0x00003000,40
R,0x00000000
R,0x00001000
R,0x00002000
R,0x00003000
W,0x00000000,10
W,0x00001000,20
W,0x00002000,30
W,0x00003000,40
R,0x00000000
R,0x00001000
R,0x00002000
R,0x00003000
W,0x00000000,10
W,0x00001000,20
W,0x00002000,30
W,0x00003000,40
R,0x00000000
R,0x00001000
R,0x00002000
R,0x00003000
W,0x00000000,10
W,0x00001000,20
W,0x00002000,30
W,0x00003000,40
R,0x00000000
R,0x00001000
R,0x00002000
R,0x00003000
W,0x00000000,10
W,0x00001000,20
W,0x00002000,30
W,0x00003000,40
R,0x00000000
R,0x00001000
R,0x00002000
R,0x00003000
W,0x00000000,10
W,0x00001000,20
W,0x00002000,30
W,0x00003000,40
R,0x00000000
R,0x00001000
R,0x00002000
R,0x00003000
W,0x00000000,10
W,0x00001000,20
W,0x00002000,30
W,0x00003000,40
R,0x00000000
R,0x00001000
R,0x00002000
R,0x00003000
W,0x00000000,10
W,0x00001000,20
W,0x00002000,30
W,0x00003000,40
R,0x00000000
R,0x00001000
R,0x00002000
R,0x00003000
W,0x00000000,10
W,0x00001000,20
W,0x00002000,30
W,0x00003000,40
R,0x00000000
R,0x00001000
R,0x00002000
R,0x00003000
W,0x00000000,10
W,0x00001000,20
W,0x00002000,30
W,0x00003000,40
R,0x00000000
R,0x00001000
R,0x00002000
R,0x00003000
W,0x00000000,10
W,0x00001000,20
W,0x00002000,30
W,0x00003000,40
R,0x00000000
R,0x00001000
R,0x00002000
R,0x00003000
W,0x00000000,10
W,0x00001000,20
W,0x00002000,30
W,0x00003000,40
R,0x00000000
R,0x00001000
R,0x00002000
R,0x00003000
W,0x00000000,10
W,0x00001000,20
W,0x00002000,30
W,0x00003000,40
R,0x00000000
R,0x00001000
R,0x00002000
R,0x00003000
W,0x00000000,10
W,0x00001000,20
W,0x00002000,30
W,0x00003000,40
R,0x00000000
R,0x00001000
R,0x00002000
R,0x00003000
W,0x00000000,10
W,0x00001000,20
W,0x00002000,30
W,0x00003000,40
R,0x00000000
R,0x00001000
R,0x00002000
R,0x00003000
W,0x00000000,10
W,0x00001000,20
W,0x00002000,30
W,0x00003000,40
R,0x00000000
R,0x00001000
R,0x00002000
R,0x00003000
W,0x00000000,10
W,0x00001000,20
W,0x00002000,30
W,0x00003000,40
R,0x00000000
R,0x00001000
R,0x00002000
R,0x00003000
W,0x00000000,10
W,0x00001000,20
W,0x00002000,30
W,0x00003000,40
R,0x00000000
R,0x00001000
R,0x00002000
R,0x00003000
W,0x00000000,10
W,0x00001000,20
W,0x00002000,30
W,0x00003000,40
R,0x00000000
R,0x00001000
R,0x00002000
R,0x00003000
W,0x00000000,10
W,0x00001000,20
W,0x00002000,30
W,0x00003000,40
R,0x00000000
R,0x00001000
R,0x00002000
R,0x00003000
W,0x00000000,10
W,0x00001000,20
W,0x00002000,30
W,0x00003000,40
R,0x00000000
R,0x00001000
R,0x00002000
R,0x00003000
W,0x00000000,10
W,0x00001000,20
W,0x00002000,30
W,0x00003000,40
R,0x00000000
R,0x00001000
R,0x00002000
R,0x00003000
W,0x00000000,10
W,0x00001000,20
W,0x00002000,30
W,0x00003000,40
R,0x00000000
R,0x00001000
R,0x00002000
R,0x00003000
W,0x00000000,10
W,0x00001000,20
W,0x00002000,30
W,0x00003000,40
R,0x00000000
R,0x00001000
R,0x00002000
R,0x00003000
W,0x00000000,10
W,0x00001000,20
W,0x00002000,30
W,0x00003000,40
R,0x00000000
R,0x00001000
R,0x00002000
R,0x00003000
W,0x00000000,10
W,0x00001000,20
W,0x00002000,30
W,0x00003000,40
R,0x00000000
R,0x00001000
R,0x00002000
R,0x00003000
W,0x00000000,10
W,0x00001000,20
W,0x00002000,30
W,0x00003000,40
R,0x00000000
R,0x00001000
R,0x00002000
R,0x00003000
W,0x00000000,10
W,0x00001000,20
W,0x00002000,30
W,0x00003000,40
R,0x00000000
R,0x00001000
R,0x00002000
R,0x00003000
W,0x00000000,10
W,0x00001000,20
W,0x00002000,30
W,0x00003000,40
R,0x00000000
R,0x00001000
R,0x00002000
R,0x00003000
W,0x00000000,10
W,0x00001000,20
W,0x00002000,30
W,0x00003000,40
R,0x00000000
R,0x00001000
R,0x00002000
R,0x00003000
W,0x00000000,10
W,0x00001000,20
W,0x00002000,30
W,0x00003000,40
R,0x00000000
R,0x00001000
R,0x00002000
R,0x00003000
W,0x00000000,10
W,0x00001000,20
W,0x00002000,30
W,0x00003000,40
R,0x00000000
R,0x00001000
R,0x00002000
R,0x00003000
W,0x00000000,10
W,0x00001000,20
W,0x00002000,30
W,0x00003000,40
R,0x00000000
R,0x00001000
R,0x00002000
R,0x00003000
W,0x00000000,10
W,0x00001000,20
W,0x00002000,30
W,0x00003000,40
R,0x00000000
R,0x00001000
R,0x00002000
R,0x00003000
W,0x00000000,10
W,0x00001000,20
W,0x00002000,30
W,0x00003000,40
R,0x00000000
R,0x00001000
R,0x00002000
R,0x00003000
W,0x00000000,10
W,0x00001000,20
W,0x00002000,30
W,0x00003000,40
R,0x00000000
R,0x00001000
R,0x00002000
R,0x00003000
W,0x00000000,10
W,0x00001000,20
W,0x00002000,30
W,0x00003000,40
R,0x00000000
R,0x00001000
R,0x00002000
R,0x00003000
W,0x00000000,10
W,0x00001000,20
W,0x00002000,30
W,0x00003000,40
R,0x00000000
R,0x00001000
R,0x00002000
R,0x00003000
W,0x00000000,10
W,0x00001000,20
W,0x00002000,30
W,0x00003000,40
R,0x00000000
R,0x00001000
R,0x00002000
R,0x00003000
W,0x00000000,10
W,0x00001000,20
W,0x00002000,30
W,0x00003000,40
R,0x00000000
R,0x00001000
R,0x00002000
R,0x00003000
W,0x00000000,10
W,0x00001000,20
W,0x00002000,30
W,0x00003000,40
R,0x00000000
R,0x00001000
R,0x00002000
R,0x00003000
W,0x00000000,10
W,0x00001000,20
W,0x00002000,30
W,0x00003000,40
R,0x00000000
R,0x00001000
R,0x00002000
R,0x00003000
W,0x00000000,10
W,0x00001000,20
W,0x00002000,30
W,0x00003000,40
R,0x00000000
R,0x00001000
R,0x00002000
R,0x00003000
W,0x00000000,10
W,0x00001000,20
W,0x00002000,30
W,0x00003000,40
R,0x00000000
R,0x00001000
R,0x00002000
R,0x00003000
W,0x00000000,10
W,0x00001000,20
W,0x00002000,30
W,0x00003000,40
R,0x00000000
R,0x00001000
R,0x00002000
R,0x00003000
W,0x00000000,10
W,0x00001000,20
W,0x00002000,30
W,0x00003000,40
R,0x00000000
R,0x00001000
R,0x00002000
R,0x00003000
W,0x00000000,10
W,0x00001000,20
W,0x00002000,30
W,0x00003000,40
R,0x00000000
R,0x00001000
R,0x00002000
R,0x00003000
W,0x00000000,10
W,0x00001000,20
W,0x00002000,30
W,0x00003000,40
R,0x00000000
R,0x00001000
R,0x00002000
R,0x00003000
W,0x00000000,10
W,0x00001000,20
W,0x00002000,30
W,0x00003000,40
R,0x00000000
R,0x00001000
R,0x00002000
R,0x00003000
W,0x00000000,10
W,0x00001000,20
W,0x00002000,30
W,0x00003000,40
R,0x00000000
R,0x00001000
R,0x00002000
R,0x00003000
W,0x00000000,10
W,0x00001000,20
W,0x00002000,30
W,0x00003000,40
R,0x00000000
R,0x00001000
R,0x00002000
R,0x00003000
W,0x00000000,10
W,0x00001000,20
W,0x00002000,30
W,0x00003000,40
R,0x00000000
R,0x00001000
R,0x00002000
R,0x00003000
W,0x00000000,10
W,0x00001000,20
W,0x00002000,30
W,0x00003000,40
R,0x00000000
R,0x00001000
R,0x00002000
R,0x00003000
W,0x00000000,10
W,0x00001000,20
W,0x00002000,30
W,0x00003000,40
R,0x00000000
R,0x00001000
R,0x00002000
R,0x00003000
W,0x00000000,10
W,0x00001000,20
W,0x00002000,30
W,0x00003000,40
R,0x00000000
R,0x00001000
R,0x00002000
R,0x00003000
W,0x00000000,10
W,0x00001000,20
W,0x00002000,30
W,0x00003000,40
R,0x00000000
R,0x00001000
R,0x00002000
R,0x00003000
W,0x00000000,10
W,0x00001000,20
W,0x00002000,30
W,0x00003000,40
R,0x00000000
R,0x00001000
R,0x00002000
R,0x00003000
W,0x00000000,10
W,0x00001000,20
W,0x00002000,30
W,0x00003000,40
R,0x00000000
R,0x00001000
R,0x00002000
R,0x00003000
W,0x00000000,10
W,0x00001000,20
W,0x00002000,30
W,0x00003000,40
R,0x00000000
R,0x00001000
R,0x00002000
R,0x00003000
W,0x00000000,10
W,0x00001000,20
W,0x00002000,30
W,0x00003000,40
R,0x00000000
R,0x00001000
R,0x00002000
R,0x00003000
W,0x00000000,10
W,0x00001000,20
W,0x00002000,30
W,0x00003000,40
R,0x00000000
R,0x00001000
R,0x00002000
R,0x00003000
W,0x00000000,10
W,0x00001000,20
W,0x00002000,30
W,0x00003000,40
R,0x00000000
R,0x00001000
R,0x00002000
R,0x00003000
W,0x00000000,10
W,0x00001000,20
W,0x00002000,30
W,0x00003000,40
R,0x00000000
R,0x00001000
R,0x00002000
R,0x00003000
W,0x00000000,10
W,0x00001000,20
W,0x00002000,30
W,0x00003000,40
R,0x00000000
R,0x00001000
R,0x00002000
R,0x00003000
W,0x00000000,10
W,0x00001000,20
W,0x00002000,30
W,0x00003000,40
R,0x00000000
R,0x00001000
R,0x00002000
R,0x00003000
W,0x00000000,10
W,0x00001000,20
W,0x00002000,30
W,0x00003000,40
R,0x00000000
R,0x00001000
R,0x00002000
R,0x00003000
W,0x00000000,10
W,0x00001000,20
W,0x00002000,30
W,0x00003000,40
R,0x00000000
R,0x00001000
R,0x00002000
R,0x00003000
W,0x00000000,10
W,0x00001000,20
W,0x00002000,30
W,0x00003000,40
R,0x00000000
R,0x00001000
R,0x00002000
R,0x00003000
W,0x00000000,10
W,0x00001000,20
W,0x00002000,30
W,0x00003000,40
R,0x00000000
R,0x00001000
R,0x00002000
R,0x00003000
W,0x00000000,10
W,0x00001000,20
W,0x00002000,30
W,0x00003000,40
R,0x00000000
R,0x00001000
R,0x00002000
R,0x00003000
W,0x00000000,10
W,0x00001000,20
W,0x00002000,30
W,0x00003000,40
R,0x00000000
R,0x00001000
R,0x00002000
R,0x00003000
W,0x00000000,10
W,0x00001000,20
W,0x00002000,30
W,0x00003000,40
R,0x00000000
R,0x00001000
R,0x00002000
R,0x00003000
W,0x00000000,10
W,0x00001000,20
W,0x00002000,30
W,0x00003000,40
R,0x00000000
R,0x00001000
R,0x00002000
R,0x00003000
W,0x00000000,10
W,0x00001000,20
W,0x00002000,30
W,0x00003000,40
R,0x00000000
R,0x00001000
R,0x00002000
R,0x00003000
W,0x00000000,10
W,0x00001000,20
W,0x00002000,30
W,0x00003000,40
R,0x00000000
R,0x00001000
R,0x00002000
R,0x00003000
W,0x00000000,10
W,0x00001000,20
W,0x00002000,30
W,0x00003000,40
R,0x00000000
R,0x00001000
R,0x00002000
R,0x00003000
W,0x00000000,10
W,0x00001000,20
W,0x00002000,30
W,0x00003000,40
R,0x00000000
R,0x00001000
R,0x00002000
R,0x00003000
W,0x00000000,10
W,0x00001000,20
W,0x00002000,30
W,0x00003000,40
R,0x00000000
R,0x00001000
R,0x00002000
R,0x00003000
W,0x00000000,10
W,0x00001000,20
W,0x00002000,30
W,0x00003000,40
R,0x00000000
R,0x00001000
R,0x00002000
R,0x00003000
W,0x00000000,10
W,0x00001000,20
W,0x00002000,30
W,0x00003000,40
R,0x00000000
R,0x00001000
R,0x00002000
R,0x00003000
W,0x00000000,10
W,0x00001000,20
W,0x00002000,30
W,0x00003000,40
R,0x00000000
R,0x00001000
R,0x00002000
R,0x00003000
W,0x00000000,10
W,0x00001000,20
W,0x00002000,30
W,0x00003000,40
R,0x00000000
R,0x00001000
R,0x00002000
R,0x00003000
W,0x00000000,10
W,0x00001000,20
W,0x00002000,30
W,0x00003000,40
R,0x00000000
R,0x00001000
R,0x00002000
R,0x00003000
W,0x00000000,10
W,0x00001000,20
W,0x00002000,30
W,0x00003000,40
R,0x00000000
R,0x00001000
R,0x00002000
R,0x00003000
W,0x00000000,10
W,0x00001000,20
W,0x00002000,30
W,0x00003000,40
R,0x00000000
R,0x00001000
R,0x00002000
R,0x00003000
W,0x00000000,10
W,0x00001000,20
W,0x00002000,30
W,0x00003000,40
R,0x00000000
R,0x00001000
R,0x00002000
R,0x00003000
W,0x00000000,10
W,0x00001000,20
W,0x00002000,30
W,0x00003000,40
R,0x00000000
R,0x00001000
R,0x00002000
R,0x00003000
W,0x00000000,10
W,0x00001000,20
W,0x00002000,30
W,0x00003000,40
R,0x00000000
R,0x00001000
R,0x00002000
R,0x00003000
W,0x00000000,10
W,0x00001000,20
W,0x00002000,30
W,0x00003000,40
R,0x00000000
R,0x00001000
R,0x00002000
R,0x00003000
W,0x00000000,10
W,0x00001000,20
W,0x00002000,30
W,0x00003000,40
R,0x00000000
R,0x00001000
R,0x00002000
R,0x00003000
W,0x00000000,10
W,0x00001000,20
W,0x00002000,30
W,0x00003000,40
R,0x00000000
R,0x00001000
R,0x00002000
R,0x00003000
W,0x00000000,10
W,0x00001000,20
W,0x00002000,30
W,0x00003000,40
R,0x00000000
R,0x00001000
R,0x00002000
R,0x00003000
W,0x00000000,10
W,0x00001000,20
W,0x00002000,30
W,0x00003000,40
R,0x00000000
R,0x00001000
R,0x00002000
R,0x00003000
W,0x00000000,10
W,0x00001000,20
W,0x00002000,30
W,0x00003000,40
R,0x00000000
R,0x00001000
R,0x00002000
R,0x00003000
W,0x00000000,10
W,0x00001000,20
W,0x00002000,30
W,0x00003000,40
R,0x00000000
R,0x00001000
R,0x00002000
R,0x00003000
W,0x00000000,10
W,0x00001000,20
W,0x00002000,30
W,0x00003000,40
R,0x00000000
R,0x00001000
R,0x00002000
R,0x00003000
W,0x00000000,10
W,0x00001000,20
W,0x00002000,30
W,0x00003000,40
R,0x00000000
R,0x00001000
R,0x00002000
R,0x00003000
W,0x00000000,10
W,0x00001000,20
W,0x00002000,30
W,0x00003000,40
R,0x00000000
R,0x00001000
R,0x00002000
R,0x00003000
W,0x00000000,10
W,0x00001000,20
W,0x00002000,30
W,0x00003000,40
R,0x00000000
R,0x00001000
R,0x00002000
R,0x00003000
W,0x00000000,10
W,0x00001000,20
W,0x00002000,30
W,0x00003000,40
R,0x00000000
R,0x00001000
R,0x00002000
R,0x00003000
W,0x00000000,10
W,0x00001000,20
W,0x00002000,30
W,0x00003000,40
R,0x00000000
R,0x00001000
R,0x00002000
R,0x00003000
W,0x00000000,10
W,0x00001000,20
W,0x00002000,30
W,0x00003000,40
R,0x00000000
R,0x00001000
R,0x00002000
R,0x00003000
W,0x00000000,10
W,0x00001000,20
W,0x00002000,30
W,0x00003000,40
R,0x00000000
R,0x00001000
R,0x00002000
R,0x00003000
W,0x00000000,10
W,0x00001000,20
W,0x00002000,30
W,0x00003000,40
R,0x00000000
R,0x00001000
R,0x00002000
R,0x00003000
W,0x00000000,10
W,0x00001000,20
W,0x00002000,30
W,0x00003000,40
R,0x00000000
R,0x00001000
R,0x00002000
R,0x00003000
W,0x00000000,10
W,0x00001000,20
W,0x00002000,30
W,0x00003000,40
R,0x00000000
R,0x00001000
R,0x00002000
R,0x00003000
W,0x00000000,10
W,0x00001000,20
W,0x00002000,30
W,0x00003000,40
R,0x00000000
R,0x00001000
R,0x00002000
R,0x00003000
W,0x00000000,10
W,0x00001000,20
W,0x00002000,30
W,0x00003000,40
R,0x00000000
R,0x00001000
R,0x00002000
R,0x00003000
W,0x00000000,10
W,0x00001000,20
W,0x00002000,30
W,0x00003000,40
R,0x00000000
R,0x00001000
R,0x00002000
R,0x00003000
W,0x00000000,10
W,0x00001000,20
W,0x00002000,30
W,0x00003000,40
R,0x00000000
R,0x00001000
R,0x00002000
R,0x00003000
W,0x00000000,10
W,0x00001000,20
W,0x00002000,30
W,0x00003000,40
R,0x00000000
R,0x00001000
R,0x00002000
R,0x00003000
W,0x00000000,10
W,0x00001000,20
W,0x00002000,30
W,0x00003000,40
R,0x00000000
R,0x00001000
R,0x00002000
R,0x00003000
W,0x00000000,10
W,0x00001000,20
W,0x00002000,30
W,0x00003000,40
R,0x00000000
R,0x00001000
R,0x00002000
R,0x00003000
W,0x00000000,10
W,0x00001000,20
W,0x00002000,30
W,0x00003000,40
R,0x00000000
R,0x00001000
R,0x00002000
R,0x00003000
W,0x00000000,10
W,0x00001000,20
W,0x00002000,30
W,0x00003000,40
R,0x00000000
R,0x00001000
R,0x00002000
R,0x00003000
W,0x00000000,10
W,0x00001000,20
W,0x00002000,30
W,0x00003000,40
R,0x00000000
R,0x00001000
R,0x00002000
R,0x00003000
W,0x00000000,10
W,0x00001000,20
W,0x00002000,30
W,0x00003000,40
R,0x00000000
R,0x00001000
R,0x00002000
R,0x00003000
W,0x00000000,10
W,0x00001000,20
W,0x00002000,30
W,0x00003000,40
R,0x00000000
R,0x00001000
R,0x00002000
R,0x00003000
W,0x00000000,10
W,0x00001000,20
W,0x00002000,30
W,0x00003000,40
R,0x00000000
R,0x00001000
R,0x00002000
R,0x00003000
W,0x00000000,10
W,0x00001000,20
W,0x00002000,30
W,0x00003000,40
R,0x00000000
R,0x00001000
R,0x00002000
R,0x00003000
W,0x00000000,10
W,0x00001000,20
W,0x00002000,30
W,0x00003000,40
R,0x00000000
R,0x00001000
R,0x00002000
R,0x00003000
W,0x00000000,10
W,0x00001000,20
W,0x00002000,30
W,0x00003000,40
R,0x00000000
R,0x00001000
R,0x00002000
R,0x00003000
W,0x00000000,10
W,0x00001000,20
W,0x00002000,30
W,0x00003000,40
R,0x00000000
R,0x00001000
R,0x00002000
R,0x00003000
W,0x00000000,10
W,0x00001000,20
W,0x00002000,30
W,0x00003000,40
R,0x00000000
R,0x00001000
R,0x00002000
R,0x00003000
W,0x00000000,10
W,0x00001000,20
W,0x00002000,30
W,0x00003000,40
R,0x00000000
R,0x00001000
R,0x00002000
R,0x00003000
W,0x00000000,10
W,0x00001000,20
W,0x00002000,30
W,0x00003000,40
R,0x00000000
R,0x00001000
R,0x00002000
R,0x00003000
W,0x00000000,10
W,0x00001000,20
W,0x00002000,30
W,0x00003000,40
R,0x00000000
R,0x00001000
R,0x00002000
R,0x00003000
W,0x00000000,10
W,0x00001000,20
W,0x00002000,30
W,0x00003000,40
R,0x00000000
R,0x00001000
R,0x00002000
R,0x00003000
W,0x00000000,10
W,0x00001000,20
W,0x00002000,30
W,0x00003000,40
R,0x00000000
R,0x00001000
R,0x00002000
R,0x00003000
W,0x00000000,10
W,0x00001000,20
W,0x00002000,30
W,0x00003000,40
R,0x00000000
R,0x00001000
R,0x00002000
R,0x00003000
W,0x00000000,10
W,0x00001000,20
W,0x00002000,30
W,0x00003000,40
R,0x00000000
R,0x00001000
R,0x00002000
R,0x00003000
W,0x00000000,10
W,0x00001000,20
W,0x00002000,30
W,0x00003000,40
R,0x00000000
R,0x00001000
R,0x00002000
R,0x00003000
W,0x00000000,10
W,0x00001000,20
W,0x00002000,30
W,0x00003000,40
R,0x00000000
R,0x00001000
R,0x00002000
R,0x00003000
W,0x00000000,10
W,0x00001000,20
W,0x00002000,30
W,0x00003000,40
R,0x00000000
R,0x00001000
R,0x00002000
R,0x00003000
W,0x00000000,10
W,0x00001000,20
W,0x00002000,30
W,0x00003000,40
R,0x00000000
R,0x00001000
R,0x00002000
R,0x00003000
W,0x00000000,10
W,0x00001000,20
W,0x00002000,30
W,0x00003000,40
R,0x00000000
R,0x00001000
R,0x00002000
R,0x00003000
W,0x00000000,10
W,0x00001000,20
W,0x00002000,30
W,0x00003000,40
R,0x00000000
R,0x00001000
R,0x00002000
R,0x00003000
W,0x00000000,10
W,0x00001000,20
W,0x00002000,30
W,0x00003000,40
R,0x00000000
R,0x00001000
R,0x00002000
R,0x00003000
W,0x00000000,10
W,0x00001000,20
W,0x00002000,30
W,0x00003000,40
R,0x00000000
R,0x00001000
R,0x00002000
R,0x00003000
W,0x00000000,10
W,0x00001000,20
W,0x00002000,30
W,0x00003000,40
R,0x00000000
R,0x00001000
R,0x00002000
R,0x00003000
W,0x00000000,10
W,0x00001000,20
W,0x00002000,30
W,0x00003000,40
R,0x00000000
R,0x00001000
R,0x00002000
R,0x00003000
W,0x00000000,10
W,0x00001000,20
W,0x00002000,30
W,0x00003000,40
R,0x00000000
R,0x00001000
R,0x00002000
R,0x00003000
W,0x00000000,10
W,0x00001000,20
W,0x00002000,30
W,0x00003000,40
R,0x00000000
R,0x00001000
R,0x00002000
R,0x00003000
W,0x00000000,10
W,0x00001000,20
W,0x00002000,30
W,0x00003000,40
R,0x00000000
R,0x00001000
R,0x00002000
R,0x00003000
W,0x00000000,10
W,0x00001000,20
W,0x00002000,30
W,0x00003000,40
R,0x00000000
R,0x00001000
R,0x00002000
R,0x00003000
W,0x00000000,10
W,0x00001000,20
W,0x00002000,30
W,0x00003000,40
R,0x00000000
R,0x00001000
R,0x00002000
R,0x00003000
W,0x00000000,10
W,0x00001000,20
W,0x00002000,30
W,0x00003000,40
R,0x00000000
R,0x00001000
R,0x00002000
R,0x00003000
W,0x00000000,10
W,0x00001000,20
W,0x00002000,30
W,0x00003000,40
R,0x00000000
R,0x00001000
R,0x00002000
R,0x00003000
W,0x00000000,10
W,0x00001000,20
W,0x00002000,30
W,0x00003000,40
R,0x00000000
R,0x00001000
R,0x00002000
R,0x00003000
W,0x00000000,10
W,0x00001000,20
W,0x00002000,30
W,0x00003000,40
R,0x00000000
R,0x00001000
R,0x00002000
R,0x00003000
W,0x00000000,10
W,0x00001000,20
W,0x00002000,30
W,0x00003000,40
R,0x00000000
R,0x00001000
R,0x00002000
R,0x00003000
W,0x00000000,10
W,0x00001000,20
W,0x00002000,30
W,0x00003000,40
R,0x00000000
R,0x00001000
R,0x00002000
R,0x00003000
W,0x00000000,10
W,0x00001000,20
W,0x00002000,30
W,0x00003000,40
R,0x00000000
R,0x00001000
R,0x00002000
R,0x00003000
W,0x00000000,10
W,0x00001000,20
W,0x00002000,30
W,0x00003000,40
R,0x00000000
R,0x00001000
R,0x00002000
R,0x00003000
W,0x00000000,10
W,0x00001000,20
W,0x00002000,30
W,0x00003000,40
R,0x00000000
R,0x00001000
R,0x00002000
R,0x00003000
W,0x00000000,10
W,0x00001000,20
W,0x00002000,30
W,0x00003000,40
R,0x00000000
R,0x00001000
R,0x00002000
R,0x00003000
W,0x00000000,10
W,0x00001000,20
W,0x00002000,30
W,0x00003000,40
R,0x00000000
R,0x00001000
R,0x00002000
R,0x00003000
W,0x00000000,10
W,0x00001000,20
W,0x00002000,30
W,0x00003000,40
R,0x00000000
R,0x00001000
R,0x00002000
R,0x00003000
W,0x00000000,10
W,0x00001000,20
W,0x00002000,30
W,0x00003000,40
R,0x00000000
R,0x00001000
R,0x00002000
R,0x00003000
W,0x00000000,10
W,0x00001000,20
W,0x00002000,30
W,0x00003000,40
R,0x00000000
R,0x00001000
R,0x00002000
R,0x00003000
W,0x00000000,10
W,0x00001000,20
W,0x00002000,30
W,0x00003000,40
R,0x00000000
R,0x00001000
R,0x00002000
R,0x00003000
W,0x00000000,10
W,0x00001000,20
W,0x00002000,30
W,0x00003000,40
R,0x00000000
R,0x00001000
R,0x00002000
R,0x00003000
W,0x00000000,10
W,0x00001000,20
W,0x00002000,30
W,0x00003000,40
R,0x00000000
R,0x00001000
R,0x00002000
R,0x00003000
W,0x00000000,10
W,0x00001000,20
W,0x00002000,30
W,0x00003000,40
R,0x00000000
R,0x00001000
R,0x00002000
R,0x00003000
W,0x00000000,10
W,0x00001000,20
W,0x00002000,30
W,0x00003000,40
R,0x00000000
R,0x00001000
R,0x00002000
R,0x00003000
W,0x00000000,10
W,0x00001000,20
W,0x00002000,30
W,0x00003000,40
R,0x00000000
R,0x00001000
R,0x00002000
R,0x00003000
W,0x00000000,10
W,0x00001000,20
W,0x00002000,30
W,0x00003000,40
R,0x00000000
R,0x00001000
R,0x00002000
R,0x00003000
W,0x00000000,10
W,0x00001000,20
W,0x00002000,30
W,0x00003000,40
R,0x00000000
R,0x00001000
R,0x00002000
R,0x00003000
W,0x00000000,10
W,0x00001000,20
W,0x00002000,30
W,0x00003000,40
R,0x00000000
R,0x00001000
R,0x00002000
R,0x00003000
W,0x00000000,10
W,0x00001000,20
W,0x00002000,30
W,0x00003000,40
R,0x00000000
R,0x00001000
R,0x00002000
R,0x00003000
W,0x00000000,10
W,0x00001000,20
W,0x00002000,30
W,0x00003000,40
R,0x00000000
R,0x00001000
R,0x00002000
R,0x00003000
W,0x00000000,10
W,0x00001000,20
W,0x00002000,30
W,0x00003000,40
R,0x00000000
R,0x00001000
R,0x00002000
R,0x00003000
W,0x00000000,10
W,0x00001000,20
W,0x00002000,30
W,0x00003000,40
R,0x00000000
R,0x00001000
R,0x00002000
R,0x00003000
W,0x00000000,10
W,0x00001000,20
W,0x00002000,30
W,0x00003000,40
R,0x00000000
R,0x00001000
R,0x00002000
R,0x00003000
W,0x00000000,10
W,0x00001000,20
W,0x00002000,30
W,0x00003000,40
R,0x00000000
R,0x00001000
R,0x00002000
R,0x00003000
W,0x00000000,10
W,0x00001000,20
W,0x00002000,30
W,0x00003000,40
R,0x00000000
R,0x00001000
R,0x00002000
R,0x00003000
W,0x00000000,10
W,0x00001000,20
W,0x00002000,30
W,0x00003000,40
R,0x00000000
R,0x00001000
R,0x00002000
R,0x00003000
W,0x00000000,10
W,0x00001000,20
W,0x00002000,30
W,0x00003000,40
R,0x00000000
R,0x00001000
R,0x00002000
R,0x00003000
W,0x00000000,10
W,0x00001000,20
W,0x00002000,30
W,0x00003000,40
R,0x00000000
R,0x00001000
R,0x00002000
R,0x00003000
W,0x00000000,10
W,0x00001000,20
W,0x00002000,30
W,0x00003000,40
R,0x00000000
R,0x00001000
R,0x00002000
R,0x00003000
W,0x00000000,10
W,0x00001000,20
W,0x00002000,30
W,0x00003000,40
R,0x00000000
R,0x00001000
R,0x00002000
R,0x00003000
W,0x00000000,10
W,0x00001000,20
W,0x00002000,30
W,0x00003000,40
R,0x00000000
R,0x00001000
R,0x00002000
R,0x00003000
W,0x00000000,10
W,0x00001000,20
W,0x00002000,30
W,0x00003000,40
R,0x00000000
R,0x00001000
R,0x00002000
R,0x00003000
W,0x00000000,10
W,0x00001000,20
W,0x00002000,30
W,0x00003000,40
R,0x00000000
R,0x00001000
R,0x00002000
R,0x00003000
W,0x00000000,10
W,0x00001000,20
W,0x00002000,30
W,0x00003000,40
R,0x00000000
R,0x00001000
R,0x00002000
R,0x00003000
W,0x00000000,10
W,0x00001000,20
W,0x00002000,30
W,0x00003000,40
R,0x00000000
R,0x00001000
R,0x00002000
R,0x00003000
W,0x00000000,10
W,0x00001000,20
W,0x00002000,30
W,0x00003000,40
R,0x00000000
R,0x00001000
R,0x00002000
R,0x00003000
W,0x00000000,10
W,0x00001000,20
W,0x00002000,30
W,0x00003000,40
R,0x00000000
R,0x00001000
R,0x00002000
R,0x00003000
W,0x00000000,10
W,0x00001000,20
W,0x00002000,30
W,0x00003000,40
R,0x00000000
R,0x00001000
R,0x00002000
R,0x00003000
W,0x00000000,10
W,0x00001000,20
W,0x00002000,30
W,0x00003000,40
R,0x00000000
R,0x00001000
R,0x00002000
R,0x00003000
W,0x00000000,10
W,0x00001000,20
W,0x00002000,30
W,0x00003000,40
R,0x00000000
R,0x00001000
R,0x00002000
R,0x00003000
W,0x00000000,10
W,0x00001000,20
W,0x00002000,30
W,0x00003000,40
R,0x00000000
R,0x00001000
R,0x00002000
R,0x00003000
W,0x00000000,10
W,0x00001000,20
W,0x00002000,30
W,0x00003000,40
R,0x00000000
R,0x00001000
R,0x00002000
R,0x00003000
W,0x00000000,10
W,0x00001000,20
W,0x00002000,30
W,0x00003000,40
R,0x00000000
R,0x00001000
R,0x00002000
R,0x00003000
W,0x00000000,10
W,0x00001000,20
W,0x00002000,30
W,0x00003000,40
R,0x00000000
R,0x00001000
R,0x00002000
R,0x00003000
W,0x00000000,10
W,0x00001000,20
W,0x00002000,30
W,0x00003000,40
R,0x00000000
R,0x00001000
R,0x00002000
R,0x00003000
W,0x00000000,10
W,0x00001000,20
W,0x00002000,30
W,0x00003000,40
R,0x00000000
R,0x00001000
R,0x00002000
R,0x00003000
W,0x00000000,10
W,0x00001000,20
W,0x00002000,30
W,0x00003000,40
R,0x00000000
R,0x00001000
R,0x00002000
R,0x00003000
W,0x00000000,10
W,0x00001000,20
W,0x00002000,30
W,0x00003000,40
R,0x00000000
R,0x00001000
R,0x00002000
R,0x00003000
W,0x00000000,10
W,0x00001000,20
W,0x00002000,30
W,0x00003000,40
R,0x00000000
R,0x00001000
R,0x00002000
R,0x00003000
W,0x00000000,10
W,0x00001000,20
W,0x00002000,30
W,0x00003000,40
R,0x00000000
R,0x00001000
R,0x00002000
R,0x00003000
W,0x00000000,10
W,0x00001000,20
W,0x00002000,30
W,0x00003000,40
R,0x00000000
R,0x00001000
R,0x00002000
R,0x00003000
W,0x00000000,10
W,0x00001000,20
W,0x00002000,30
W,0x00003000,40
R,0x00000000
R,0x00001000
R,0x00002000
R,0x00003000
W,0x00000000,10
W,0x00001000,20
W,0x00002000,30
W,0x00003000,40
R,0x00000000
R,0x00001000
R,0x00002000
R,0x00003000
W,0x00000000,10
W,0x00001000,20
W,0x00002000,30
W,0x00003000,40
R,0x00000000
R,0x00001000
R,0x00002000
R,0x00003000
W,0x00000000,10
W,0x00001000,20
W,0x00002000,30
W,0x00003000,40
R,0x00000000
R,0x00001000
R,0x00002000
R,0x00003000
W,0x00000000,10
W,0x00001000,20
W,0x00002000,30
W,0x00003000,40
R,0x00000000
R,0x00001000
R,0x00002000
R,0x00003000
W,0x00000000,10
W,0x00001000,20
W,0x00002000,30
W,0x00003000,40
R,0x00000000
R,0x00001000
R,0x00002000
R,0x00003000
W,0x00000000,10
W,0x00001000,20
W,0x00002000,30
W,0x00003000,40
R,0x00000000
R,0x00001000
R,0x00002000
R,0x00003000
W,0x00000000,10
W,0x00001000,20
W,0x00002000,30
W,0x00003000,40
R,0x00000000
R,0x00001000
R,0x00002000
R,0x00003000
W,0x00000000,10
W,0x00001000,20
W,0x00002000,30
W,0x00003000,40
R,0x00000000
R,0x00001000
R,0x00002000
R,0x00003000
W,0x00000000,10
W,0x00001000,20
W,0x00002000,30
W,0x00003000,40
R,0x00000000
R,0x00001000
R,0x00002000
R,0x00003000
W,0x00000000,10
W,0x00001000,20
W,0x00002000,30
W,0x00003000,40
R,0x00000000
R,0x00001000
R,0x00002000
R,0x00003000
W,0x00000000,10
W,0x00001000,20
W,0x00002000,30
W,0x00003000,40
R,0x00000000
R,0x00001000
R,0x00002000
R,0x00003000
W,0x00000000,10
W,0x00001000,20
W,0x00002000,30
W,0x00003000,40
R,0x00000000
R,0x00001000
R,0x00002000
R,0x00003000
W,0x00000000,10
W,0x00001000,20
W,0x00002000,30
W,0x00003000,40
R,0x00000000
R,0x00001000
R,0x00002000
R,0x00003000
W,0x00000000,10
W,0x00001000,20
W,0x00002000,30
W,0x00003000,40
R,0x00000000
R,0x00001000
R,0x00002000
R,0x00003000
W,0x00000000,10
W,0x00001000,20
W,0x00002000,30
W,0x00003000,40
R,0x00000000
R,0x00001000
R,0x00002000
R,0x00003000
W,0x00000000,10
W,0x00001000,20
W,0x00002000,30
W,0x00003000,40
R,0x00000000
R,0x00001000
R,0x00002000
R,0x00003000
W,0x00000000,10
W,0x00001000,20
W,0x00002000,30
W,0x00003000,40
R,0x00000000
R,0x00001000
R,0x00002000
R,0x00003000
W,0x00000000,10
W,0x00001000,20
W,0x00002000,30
W,0x00003000,40
R,0x00000000
R,0x00001000
R,0x00002000
R,0x00003000
W,0x00000000,10
W,0x00001000,20
W,0x00002000,30
W,0x00003000,40
R,0x00000000
R,0x00001000
R,0x00002000
R,0x00003000
W,0x00000000,10
W,0x00001000,20
W,0x00002000,30
W,0x00003000,40
R,0x00000000
R,0x00001000
R,0x00002000
R,0x00003000
W,0x00000000,10
W,0x00001000,20
W,0x00002000,30
W,0x00003000,40
R,0x00000000
R,0x00001000
R,0x00002000
R,0x00003000
W,0x00000000,10
W,0x00001000,20
W,0x00002000,30
W,0x00003000,40
R,0x00000000
R,0x00001000
R,0x00002000
R,0x00003000
W,0x00000000,10
W,0x00001000,20
W,0x00002000,30
W,0x00003000,40
R,0x00000000
R,0x00001000
R,0x00002000
R,0x00003000
W,0x00000000,10
W,0x00001000,20
W,0x00002000,30
W,0x00003000,40
R,0x00000000
R,0x00001000
R,0x00002000
R,0x00003000
W,0x00000000,10
W,0x00001000,20
W,0x00002000,30
W,0x00003000,40
R,0x00000000
R,0x00001000
R,0x00002000
R,0x00003000
W,0x00000000,10
W,0x00001000,20
W,0x00002000,30
W,0x00003000,40
R,0x00000000
R,0x00001000
R,0x00002000
R,0x00003000
W,0x00000000,10
W,0x00001000,20
W,0x00002000,30
W,0x00003000,40
R,0x00000000
R,0x00001000
R,0x00002000
R,0x00003000
W,0x00000000,10
W,0x00001000,20
W,0x00002000,30
W,0x00003000,40
R,0x00000000
R,0x00001000
R,0x00002000
R,0x00003000
W,0x00000000,10
W,0x00001000,20
W,0x00002000,30
W,0x00003000,40
R,0x00000000
R,0x00001000
R,0x00002000
R,0x00003000
W,0x00000000,10
W,0x00001000,20
W,0x00002000,30
W,0x00003000,40
R,0x00000000
R,0x00001000
R,0x00002000
R,0x00003000
W,0x00000000,10
W,0x00001000,20
W,0x00002000,30
W,0x00003000,40
R,0x00000000
R,0x00001000
R,0x00002000
R,0x00003000
W,0x00000000,10
W,0x00001000,20
W,0x00002000,30
W,0x00003000,40
R,0x00000000
R,0x00001000
R,0x00002000
R,0x00003000
W,0x00000000,10
W,0x00001000,20
W,0x00002000,30
W,0x00003000,40
R,0x00000000
R,0x00001000
R,0x00002000
R,0x00003000
W,0x00000000,10
W,0x00001000,20
W,0x00002000,30
W,0x00003000,40
R,0x00000000
R,0x00001000
R,0x00002000
R,0x00003000
W,0x00000000,10
W,0x00001000,20
W,0x00002000,30
W,0x00003000,40
R,0x00000000
R,0x00001000
R,0x00002000
R,0x00003000
W,0x00000000,10
W,0x00001000,20
W,0x00002000,30
W,0x00003000,40
R,0x00000000
R,0x00001000
R,0x00002000
R,0x00003000
W,0x00000000,10
W,0x00001000,20
W,0x00002000,30
W,0x00003000,40
R,0x00000000
R,0x00001000
R,0x00002000
R,0x00003000
W,0x00000000,10
W,0x00001000,20
W,0x00002000,30
W,0x00003000,40
R,0x00000000
R,0x00001000
R,0x00002000
R,0x00003000
W,0x00000000,10
W,0x00001000,20
W,0x00002000,30
W,0x00003000,40
R,0x00000000
R,0x00001000
R,0x00002000
R,0x00003000
W,0x00000000,10
W,0x00001000,20
W,0x00002000,30
W,0x00003000,40
R,0x00000000
R,0x00001000
R,0x00002000
R,0x00003000
W,0x00000000,10
W,0x00001000,20
W,0x00002000,30
W,0x00003000,40
R,0x00000000
R,0x00001000
R,0x00002000
R,0x00003000
W,0x00000000,10
W,0x00001000,20
W,0x00002000,30
W,0x00003000,40
R,0x00000000
R,0x00001000
R,0x00002000
R,0x00003000
W,0x00000000,10
W,0x00001000,20
W,0x00002000,30
W,0x00003000,40
R,0x00000000
R,0x00001000
R,0x00002000
R,0x00003000
W,0x00000000,10
W,0x00001000,20
W,0x00002000,30
W,0x00003000,40
R,0x00000000
R,0x00001000
R,0x00002000
R,0x00003000
W,0x00000000,10
W,0x00001000,20
W,0x00002000,30
W,0x00003000,40
R,0x00000000
R,0x00001000
R,0x00002000
R,0x00003000
W,0x00000000,10
W,0x00001000,20
W,0x00002000,30
W,0x00003000,40
R,0x00000000
R,0x00001000
R,0x00002000
R,0x00003000
W,0x00000000,10
W,0x00001000,20
W,0x00002000,30
W,0x00003000,40
R,0x00000000
R,0x00001000
R,0x00002000
R,0x00003000
W,0x00000000,10
W,0x00001000,20
W,0x00002000,30
W,0x00003000,40
R,0x00000000
R,0x00001000
R,0x00002000
R,0x00003000
W,0x00000000,10
W,0x00001000,20
W,0x00002000,30
W,0x00003000,40
R,0x00000000
R,0x00001000
R,0x00002000
R,0x00003000
W,0x00000000,10
W,0x00001000,20
W,0x00002000,30
W,0x00003000,40
R,0x00000000
R,0x00001000
R,0x00002000
R,0x00003000
W,0x00000000,10
W,0x00001000,20
W,0x00002000,30
W,0x00003000,40
R,0x00000000
R,0x00001000
R,0x00002000
R,0x00003000
W,0x00000000,10
W,0x00001000,20
W,0x00002000,30
W,0x00003000,40
R,0x00000000
R,0x00001000
R,0x00002000
R,0x00003000
W,0x00000000,10
W,0x00001000,20
W,0x00002000,30
W,0x00003000,40
R,0x00000000
R,0x00001000
R,0x00002000
R,0x00003000
W,0x00000000,10
W,0x00001000,20
W,0x00002000,30
W,0x00003000,40
R,0x00000000
R,0x00001000
R,0x00002000
R,0x00003000
W,0x00000000,10
W,0x00001000,20
W,0x00002000,30
W,0x00003000,40
R,0x00000000
R,0x00001000
R,0x00002000
R,0x00003000
W,0x00000000,10
W,0x00001000,20
W,0x00002000,30
W,0x00003000,40
R,0x00000000
R,0x00001000
R,0x00002000
R,0x00003000
W,0x00000000,10
W,0x00001000,20
W,0x00002000,30
W,0x00003000,40
R,0x00000000
R,0x00001000
R,0x00002000
R,0x00003000
W,0x00000000,10
W,0x00001000,20
W,0x00002000,30
W,0x00003000,40
R,0x00000000
R,0x00001000
R,0x00002000
R,0x00003000
W,0x00000000,10
W,0x00001000,20
W,0x00002000,30
W,0x00003000,40
R,0x00000000
R,0x00001000
R,0x00002000
R,0x00003000
W,0x00000000,10
W,0x00001000,20
W,0x00002000,30
W,0x00003000,40
R,0x00000000
R,0x00001000
R,0x00002000
R,0x00003000
W,0x00000000,10
W,0x00001000,20
W,0x00002000,30
W,0x00003000,40
R,0x00000000
R,0x00001000
R,0x00002000
R,0x00003000
W,0x00000000,10
W,0x00001000,20
W,0x00002000,30
W,0x00003000,40
R,0x00000000
R,0x00001000
R,0x00002000
R,0x00003000
W,0x00000000,10
W,0x00001000,20
W,0x00002000,30
W,0x00003000,40
R,0x00000000
R,0x00001000
R,0x00002000
R,0x00003000
W,0x00000000,10
W,0x00001000,20
W,0x00002000,30
W,0x00003000,40
R,0x00000000
R,0x00001000
R,0x00002000
R,0x00003000
W,0x00000000,10
W,0x00001000,20
W,0x00002000,30
W,0x00003000,40
R,0x00000000
R,0x00001000
R,0x00002000
R,0x00003000
W,0x00000000,10
W,0x00001000,20
W,0x00002000,30
W,0x00003000,40
R,0x00000000
R,0x00001000
R,0x00002000
R,0x00003000
W,0x00000000,10
W,0x00001000,20
W,0x00002000,30
W,0x00003000,40
R,0x00000000
R,0x00001000
R,0x00002000
R,0x00003000
W,0x00000000,10
W,0x00001000,20
W,0x00002000,30
W,0x00003000,40
R,0x00000000
R,0x00001000
R,0x00002000
R,0x00003000
W,0x00000000,10
W,0x00001000,20
W,0x00002000,30
W,0x00003000,40
R,0x00000000
R,0x00001000
R,0x00002000
R,0x00003000
W,0x00000000,10
W,0x00001000,20
W,0x00002000,30
W,0x00003000,40
R,0x00000000
R,0x00001000
R,0x00002000
R,0x00003000
W,0x00000000,10
W,0x00001000,20
W,0x00002000,30
W,0x00003000,40
R,0x00000000
R,0x00001000
R,0x00002000
R,0x00003000
W,0x00000000,10
W,0x00001000,20
W,0x00002000,30
W,0x00003000,40
R,0x00000000
R,0x00001000
R,0x00002000
R,0x00003000
W,0x00000000,10
W,0x00001000,20
W,0x00002000,30
W,0x00003000,40
R,0x00000000
R,0x00001000
R,0x00002000
R,0x00003000
W,0x00000000,10
W,0x00001000,20
W,0x00002000,30
W,0x00003000,40
R,0x00000000
R,0x00001000
R,0x00002000
R,0x00003000
W,0x00000000,10
W,0x00001000,20
W,0x00002000,30
W,0x00003000,40
R,0x00000000
R,0x00001000
R,0x00002000
R,0x00003000
W,0x00000000,10
W,0x00001000,20
W,0x00002000,30
W,0x00003000,40
R,0x00000000
R,0x00001000
R,0x00002000
R,0x00003000
W,0x00000000,10
W,0x00001000,20
W,0x00002000,30
W,0x00003000,40
R,0x00000000
R,0x00001000
R,0x00002000
R,0x00003000
W,0x00000000,10
W,0x00001000,20
W,0x00002000,30
W,0x00003000,40
R,0x00000000
R,0x00001000
R,0x00002000
R,0x00003000
W,0x00000000,10
W,0x00001000,20
W,0x00002000,30
W,0x00003000,40
R,0x00000000
R,0x00001000
R,0x00002000
R,0x00003000
W,0x00000000,10
W,0x00001000,20
W,0x00002000,30
W,0x00003000,40
R,0x00000000
R,0x00001000
R,0x00002000
R,0x00003000
W,0x00000000,10
W,0x00001000,20
W,0x00002000,30
W,0x00003000,40
R,0x00000000
R,0x00001000
R,0x00002000
R,0x00003000
W,0x00000000,10
W,0x00001000,20
W,0x00002000,30
W,0x00003000,40
R,0x00000000
R,0x00001000
R,0x00002000
R,0x00003000
W,0x00000000,10
W,0x00001000,20
W,0x00002000,30
W,0x00003000,40
R,0x00000000
R,0x00001000
R,0x00002000
R,0x00003000
W,0x00000000,10
W,0x00001000,20
W,0x00002000,30
W,0x00003000,40
R,0x00000000
R,0x00001000
R,0x00002000
R,0x00003000
W,0x00000000,10
W,0x00001000,20
W,0x00002000,30
W,0x00003000,40
R,0x00000000
R,0x00001000
R,0x00002000
R,0x00003000
W,0x00000000,10
W,0x00001000,20
W,0x00002000,30
W,0x00003000,40
R,0x00000000
R,0x00001000
R,0x00002000
R,0x00003000
W,0x00000000,10
W,0x00001000,20
W,0x00002000,30
W,0x00003000,40
R,0x00000000
R,0x00001000
R,0x00002000
R,0x00003000
W,0x00000000,10
W,0x00001000,20
W,0x00002000,30
W,0x00003000,40
R,0x00000000
R,0x00001000
R,0x00002000
R,0x00003000
W,0x00000000,10
W,0x00001000,20
W,0x00002000,30
W,0x00003000,40
R,0x00000000
R,0x00001000
R,0x00002000
R,0x00003000
W,0x00000000,10
W,0x00001000,20
W,0x00002000,30
W,0x00003000,40
R,0x00000000
R,0x00001000
R,0x00002000
R,0x00003000
W,0x00000000,10
W,0x00001000,20
W,0x00002000,30
W,0x00003000,40
R,0x00000000
R,0x00001000
R,0x00002000
R,0x00003000
W,0x00000000,10
W,0x00001000,20
W,0x00002000,30
W,0x00003000,40
R,0x00000000
R,0x00001000
R,0x00002000
R,0x00003000
W,0x00000000,10
W,0x00001000,20
W,0x00002000,30
W,0x00003000,40
R,0x00000000
R,0x00001000
R,0x00002000
R,0x00003000
W,0x00000000,10
W,0x00001000,20
W,0x00002000,30
W,0x00003000,40
R,0x00000000
R,0x00001000
R,0x00002000
R,0x00003000
W,0x00000000,10
W,0x00001000,20
W,0x00002000,30
W,0x00003000,40
R,0x00000000
R,0x00001000
R,0x00002000
R,0x00003000
W,0x00000000,10
W,0x00001000,20
W,0x00002000,30
W,0x00003000,40
R,0x00000000
R,0x00001000
R,0x00002000
R,0x00003000
W,0x00000000,10
W,0x00001000,20
W,0x00002000,30
W,0x00003000,40
R,0x00000000
R,0x00001000
R,0x00002000
R,0x00003000
W,0x00000000,10
W,0x00001000,20
W,0x00002000,30
W,0x00003000,40
R,0x00000000
R,0x00001000
R,0x00002000
R,0x00003000
W,0x00000000,10
W,0x00001000,20
W,0x00002000,30
W,0x00003000,40
R,0x00000000
R,0x00001000
R,0x00002000
R,0x00003000
W,0x00000000,10
W,0x00001000,20
W,0x00002000,30
W,0x00003000,40
R,0x00000000
R,0x00001000
R,0x00002000
R,0x00003000
W,0x00000000,10
W,0x00001000,20
W,0x00002000,30
W,0x00003000,40
R,0x00000000
R,0x00001000
R,0x00002000
R,0x00003000
W,0x00000000,10
W,0x00001000,20
W,0x00002000,30
W,0x00003000,40
R,0x00000000
R,0x00001000
R,0x00002000
R,0x00003000
W,0x00000000,10
W,0x00001000,20
W,0x00002000,30
W,0x00003000,40
R,0x00000000
R,0x00001000
R,0x00002000
R,0x00003000
W,0x00000000,10
W,0x00001000,20
W,0x00002000,30
W,0x00003000,40
R,0x00000000
R,0x00001000
R,0x00002000
R,0x00003000
W,0x00000000,10
W,0x00001000,20
W,0x00002000,30
W,0x00003000,40
R,0x00000000
R,0x00001000
R,0x00002000
R,0x00003000
W,0x00000000,10
W,0x00001000,20
W,0x00002000,30
W,0x00003000,40
R,0x00000000
R,0x00001000
R,0x00002000
R,0x00003000
W,0x00000000,10
W,0x00001000,20
W,0x00002000,30
W,0x00003000,40
R,0x00000000
R,0x00001000
R,0x00002000
R,0x00003000
W,0x00000000,10
W,0x00001000,20
W,0x00002000,30
W,0x00003000,40
R,0x00000000
R,0x00001000
R,0x00002000
R,0x00003000
W,0x00000000,10
W,0x00001000,20
W,0x00002000,30
W,0x00003000,40
R,0x00000000
R,0x00001000
R,0x00002000
R,0x00003000
W,0x00000000,10
W,0x00001000,20
W,0x00002000,30
W,0x00003000,40
R,0x00000000
R,0x00001000
R,0x00002000
R,0x00003000
W,0x00000000,10
W,0x00001000,20
W,0x00002000,30
W,0x00003000,40
R,0x00000000
R,0x00001000
R,0x00002000
R,0x00003000
W,0x00000000,10
W,0x00001000,20
W,0x00002000,30
W,0x00003000,40
R,0x00000000
R,0x00001000
R,0x00002000
R,0x00003000
W,0x00000000,10
W,0x00001000,20
W,0x00002000,30
W,0x00003000,40
R,0x00000000
R,0x00001000
R,0x00002000
R,0x00003000
W,0x00000000,10
W,0x00001000,20
W,0x00002000,30
W,0x00003000,40
R,0x00000000
R,0x00001000
R,0x00002000
R,0x00003000
W,0x00000000,10
W,0x00001000,20
W,0x00002000,30
W,0x00003000,40
R,0x00000000
R,0x00001000
R,0x00002000
R,0x00003000
W,0x00000000,10
W,0x00001000,20
W,0x00002000,30
W,0x00003000,40
R,0x00000000
R,0x00001000
R,0x00002000
R,0x00003000
W,0x00000000,10
W,0x00001000,20
W,0x00002000,30
W,0x00003000,40
R,0x00000000
R,0x00001000
R,0x00002000
R,0x00003000
W,0x00000000,10
W,0x00001000,20
W,0x00002000,30
W,0x00003000,40
R,0x00000000
R,0x00001000
R,0x00002000
R,0x00003000
W,0x00000000,10
W,0x00001000,20
W,0x00002000,30
W,0x00003000,40
R,0x00000000
R,0x00001000
R,0x00002000
R,0x00003000
W,0x00000000,10
W,0x00001000,20
W,0x00002000,30
W,0x00003000,40
R,0x00000000
R,0x00001000
R,0x00002000
R,0x00003000
W,0x00000000,10
W,0x00001000,20
W,0x00002000,30
W,0x00003000,40
R,0x00000000
R,0x00001000
R,0x00002000
R,0x00003000
W,0x00000000,10
W,0x00001000,20
W,0x00002000,30
W,0x00003000,40
R,0x00000000
R,0x00001000
R,0x00002000
R,0x00003000
W,0x00000000,10
W,0x00001000,20
W,0x00002000,30
W,0x00003000,40
R,0x00000000
R,0x00001000
R,0x00002000
R,0x00003000
W,0x00000000,10
W,0x00001000,20
W,0x00002000,30
W,0x00003000,40
R,0x00000000
R,0x00001000
R,0x00002000
R,0x00003000
W,0x00000000,10
W,0x00001000,20
W,0x00002000,30
W,0x00003000,40
R,0x00000000
R,0x00001000
R,0x00002000
R,0x00003000
W,0x00000000,10
W,0x00001000,20
W,0x00002000,30
W,0x00003000,40
R,0x00000000
R,0x00001000
R,0x00002000
R,0x00003000
W,0x00000000,10
W,0x00001000,20
W,0x00002000,30
W,0x00003000,40
R,0x00000000
R,0x00001000
R,0x00002000
R,0x00003000
W,0x00000000,10
W,0x00001000,20
W,0x00002000,30
W,0x00003000,40
R,0x00000000
R,0x00001000
R,0x00002000
R,0x00003000
W,0x00000000,10
W,0x00001000,20
W,0x00002000,30
W,0x00003000,40
R,0x00000000
R,0x00001000
R,0x00002000
R,0x00003000
W,0x00000000,10
W,0x00001000,20
W,0x00002000,30
W,0x00003000,40
R,0x00000000
R,0x00001000
R,0x00002000
R,0x00003000
W,0x00000000,10
W,0x00001000,20
W,0x00002000,30
W,0x00003000,40
R,0x00000000
R,0x00001000
R,0x00002000
R,0x00003000
W,0x00000000,10
W,0x00001000,20
W,0x00002000,30
W,0x00003000,40
R,0x00000000
R,0x00001000
R,0x00002000
R,0x00003000
W,0x00000000,10
W,0x00001000,20
W,0x00002000,30
W,0x00003000,40
R,0x00000000
R,0x00001000
R,0x00002000
R,0x00003000
W,0x00000000,10
W,0x00001000,20
W,0x00002000,30
W,0x00003000,40
R,0x00000000
R,0x00001000
R,0x00002000
R,0x00003000
W,0x00000000,10
W,0x00001000,20
W,0x00002000,30
W,0x00003000,40
R,0x00000000
R,0x00001000
R,0x00002000
R,0x00003000
W,0x00000000,10
W,0x00001000,20
W,0x00002000,30
W,0x00003000,40
R,0x00000000
R,0x00001000
R,0x00002000
R,0x00003000
W,0x00000000,10
W,0x00001000,20
W,0x00002000,30
W,0x00003000,40
R,0x00000000
R,0x00001000
R,0x00002000
R,0x00003000
W,0x00000000,10
W,0x00001000,20
W,0x00002000,30
W,0x00003000,40
R,0x00000000
R,0x00001000
R,0x00002000
R,0x00003000
W,0x00000000,10
W,0x00001000,20
W,0x00002000,30
W,0x00003000,40
R,0x00000000
R,0x00001000
R,0x00002000
R,0x00003000
W,0x00000000,10
W,0x00001000,20
W,0x00002000,30
W,0x00003000,40
R,0x00000000
R,0x00001000
R,0x00002000
R,0x00003000
W,0x00000000,10
W,0x00001000,20
W,0x00002000,30
W,0x00003000,40
R,0x00000000
R,0x00001000
R,0x00002000
R,0x00003000
W,0x00000000,10
W,0x00001000,20
W,0x00002000,30
W,0x00003000,40
R,0x00000000
R,0x00001000
R,0x00002000
R,0x00003000
W,0x00000000,10
W,0x00001000,20
W,0x00002000,30
W,0x00003000,40
R,0x00000000
R,0x00001000
R,0x00002000
R,0x00003000
W,0x00000000,10
W,0x00001000,20
W,0x00002000,30
W,0x00003000,40
R,0x00000000
R,0x00001000
R,0x00002000
R,0x00003000
W,0x00000000,10
W,0x00001000,20
W,0x00002000,30
W,0x00003000,40
R,0x00000000
R,0x00001000
R,0x00002000
R,0x00003000
W,0x00000000,10
W,0x00001000,20
W,0x00002000,30
W,0x00003000,40
R,0x00000000
R,0x00001000
R,0x00002000
R,0x00003000
W,0x00000000,10
W,0x00001000,20
W,0x00002000,30
W,0x00003000,40
R,0x00000000
R,0x00001000
R,0x00002000
R,0x00003000
W,0x00000000,10
W,0x00001000,20
W,0x00002000,30
W,0x00003000,40
R,0x00000000
R,0x00001000
R,0x00002000
R,0x00003000
W,0x00000000,10
W,0x00001000,20
W,0x00002000,30
W,0x00003000,40
R,0x00000000
R,0x00001000
R,0x00002000
R,0x00003000
W,0x00000000,10
W,0x00001000,20
W,0x00002000,30
W,0x00003000,40
R,0x00000000
R,0x00001000
R,0x00002000
R,0x00003000
