W,0x10000000,0x00000001
W,0x10000004,0x00000002
W,0x10000008,0x00000003
W,0x1000000c,0x00000004
W,0x10000010,0x00000005
W,0x10000014,0x00000006
W,0x10000018,0x00000007
W,0x1000001c,0x00000008
W,0x10000020,0x00000009
W,0x10000024,0x0000000a
W,0x10000028,0x0000000b
W,0x1000002c,0x0000000c
W,0x10000030,0x0000000d
W,0x10000034,0x0000000e
W,0x10000038,0x0000000f
W,0x1000003c,0x00000010
W,0x10000040,0x00000011
W,0x10000044,0x00000012
W,0x10000048,0x00000013
W,0x1000004c,0x00000014
W,0x10000050,0x00000015
W,0x10000054,0x00000016
W,0x10000058,0x00000017
W,0x1000005c,0x00000018
W,0x10000060,0x00000019
W,0x10000064,0x0000001a
W,0x10000068,0x0000001b
W,0x1000006c,0x0000001c
W,0x10000070,0x0000001d
W,0x10000074,0x0000001e
W,0x10000078,0x0000001f
W,0x1000007c,0x00000020
W,0x10000080,0x00000021
W,0x10000084,0x00000022
W,0x10000088,0x00000023
W,0x1000008c,0x00000024
W,0x10000090,0x00000025
W,0x10000094,0x00000026
W,0x10000098,0x00000027
W,0x1000009c,0x00000028
W,0x100000a0,0x00000029
W,0x100000a4,0x0000002a
W,0x100000a8,0x0000002b
W,0x100000ac,0x0000002c
W,0x100000b0,0x0000002d
W,0x100000b4,0x0000002e
W,0x100000b8,0x0000002f
W,0x100000bc,0x00000030
W,0x100000c0,0x00000031
W,0x100000c4,0x00000032
W,0x100000c8,0x00000033
W,0x100000cc,0x00000034
W,0x100000d0,0x00000035
W,0x100000d4,0x00000036
W,0x100000d8,0x00000037
W,0x100000dc,0x00000038
W,0x100000e0,0x00000039
W,0x100000e4,0x0000003a
W,0x100000e8,0x0000003b
W,0x100000ec,0x0000003c
W,0x100000f0,0x0000003d
W,0x100000f4,0x0000003e
W,0x100000f8,0x0000003f
W,0x100000fc,0x00000040
W,0x10000100,0x00000041
W,0x10000104,0x00000042
W,0x10000108,0x00000043
W,0x1000010c,0x00000044
W,0x10000110,0x00000045
W,0x10000114,0x00000046
W,0x10000118,0x00000047
W,0x1000011c,0x00000048
W,0x10000120,0x00000049
W,0x10000124,0x0000004a
W,0x10000128,0x0000004b
W,0x1000012c,0x0000004c
W,0x10000130,0x0000004d
W,0x10000134,0x0000004e
W,0x10000138,0x0000004f
W,0x1000013c,0x00000050
W,0x10000140,0x00000051
W,0x10000144,0x00000052
W,0x10000148,0x00000053
W,0x1000014c,0x00000054
W,0x10000150,0x00000055
W,0x10000154,0x00000056
W,0x10000158,0x00000057
W,0x1000015c,0x00000058
W,0x10000160,0x00000059
W,0x10000164,0x0000005a
W,0x10000168,0x0000005b
W,0x1000016c,0x0000005c
W,0x10000170,0x0000005d
W,0x10000174,0x0000005e
W,0x10000178,0x0000005f
W,0x1000017c,0x00000060
W,0x10000180,0x00000061
W,0x10000184,0x00000062
W,0x10000188,0x00000063
W,0x1000018c,0x00000064
W,0x10000190,0x00000065
W,0x10000194,0x00000066
W,0x10000198,0x00000067
W,0x1000019c,0x00000068
W,0x100001a0,0x00000069
W,0x100001a4,0x0000006a
W,0x100001a8,0x0000006b
W,0x100001ac,0x0000006c
W,0x100001b0,0x0000006d
W,0x100001b4,0x0000006e
W,0x100001b8,0x0000006f
W,0x100001bc,0x00000070
W,0x100001c0,0x00000071
W,0x100001c4,0x00000072
W,0x100001c8,0x00000073
W,0x100001cc,0x00000074
W,0x100001d0,0x00000075
W,0x100001d4,0x00000076
W,0x100001d8,0x00000077
W,0x100001dc,0x00000078
W,0x100001e0,0x00000079
W,0x100001e4,0x0000007a
W,0x100001e8,0x0000007b
W,0x100001ec,0x0000007c
W,0x100001f0,0x0000007d
W,0x100001f4,0x0000007e
W,0x100001f8,0x0000007f
W,0x100001fc,0x00000080
W,0x10000200,0x00000081
W,0x10000204,0x00000082
W,0x10000208,0x00000083
W,0x1000020c,0x00000084
W,0x10000210,0x00000085
W,0x10000214,0x00000086
W,0x10000218,0x00000087
W,0x1000021c,0x00000088
W,0x10000220,0x00000089
W,0x10000224,0x0000008a
W,0x10000228,0x0000008b
W,0x1000022c,0x0000008c
W,0x10000230,0x0000008d
W,0x10000234,0x0000008e
W,0x10000238,0x0000008f
W,0x1000023c,0x00000090
W,0x10000240,0x00000091
W,0x10000244,0x00000092
W,0x10000248,0x00000093
W,0x1000024c,0x00000094
W,0x10000250,0x00000095
W,0x10000254,0x00000096
W,0x10000258,0x00000097
W,0x1000025c,0x00000098
W,0x10000260,0x00000099
W,0x10000264,0x0000009a
W,0x10000268,0x0000009b
W,0x1000026c,0x0000009c
W,0x10000270,0x0000009d
W,0x10000274,0x0000009e
W,0x10000278,0x0000009f
W,0x1000027c,0x000000a0
W,0x10000280,0x000000a1
W,0x10000284,0x000000a2
W,0x10000288,0x000000a3
W,0x1000028c,0x000000a4
W,0x10000290,0x000000a5
W,0x10000294,0x000000a6
W,0x10000298,0x000000a7
W,0x1000029c,0x000000a8
W,0x100002a0,0x000000a9
W,0x100002a4,0x000000aa
W,0x100002a8,0x000000ab
W,0x100002ac,0x000000ac
W,0x100002b0,0x000000ad
W,0x100002b4,0x000000ae
W,0x100002b8,0x000000af
W,0x100002bc,0x000000b0
W,0x100002c0,0x000000b1
W,0x100002c4,0x000000b2
W,0x100002c8,0x000000b3
W,0x100002cc,0x000000b4
W,0x100002d0,0x000000b5
W,0x100002d4,0x000000b6
W,0x100002d8,0x000000b7
W,0x100002dc,0x000000b8
W,0x100002e0,0x000000b9
W,0x100002e4,0x000000ba
W,0x100002e8,0x000000bb
W,0x100002ec,0x000000bc
W,0x100002f0,0x000000bd
W,0x100002f4,0x000000be
W,0x100002f8,0x000000bf
W,0x100002fc,0x000000c0
W,0x10000300,0x000000c1
W,0x10000304,0x000000c2
W,0x10000308,0x000000c3
W,0x1000030c,0x000000c4
W,0x10000310,0x000000c5
W,0x10000314,0x000000c6
W,0x10000318,0x000000c7
W,0x1000031c,0x000000c8
W,0x10000320,0x000000c9
W,0x10000324,0x000000ca
W,0x10000328,0x000000cb
W,0x1000032c,0x000000cc
W,0x10000330,0x000000cd
W,0x10000334,0x000000ce
W,0x10000338,0x000000cf
W,0x1000033c,0x000000d0
W,0x10000340,0x000000d1
W,0x10000344,0x000000d2
W,0x10000348,0x000000d3
W,0x1000034c,0x000000d4
W,0x10000350,0x000000d5
W,0x10000354,0x000000d6
W,0x10000358,0x000000d7
W,0x1000035c,0x000000d8
W,0x10000360,0x000000d9
W,0x10000364,0x000000da
W,0x10000368,0x000000db
W,0x1000036c,0x000000dc
W,0x10000370,0x000000dd
W,0x10000374,0x000000de
W,0x10000378,0x000000df
W,0x1000037c,0x000000e0
W,0x10000380,0x000000e1
W,0x10000384,0x000000e2
W,0x10000388,0x000000e3
W,0x1000038c,0x000000e4
W,0x10000390,0x000000e5
W,0x10000394,0x000000e6
W,0x10000398,0x000000e7
W,0x1000039c,0x000000e8
W,0x100003a0,0x000000e9
W,0x100003a4,0x000000ea
W,0x100003a8,0x000000eb
W,0x100003ac,0x000000ec
W,0x100003b0,0x000000ed
W,0x100003b4,0x000000ee
W,0x100003b8,0x000000ef
W,0x100003bc,0x000000f0
W,0x100003c0,0x000000f1
W,0x100003c4,0x000000f2
W,0x100003c8,0x000000f3
W,0x100003cc,0x000000f4
W,0x100003d0,0x000000f5
W,0x100003d4,0x000000f6
W,0x100003d8,0x000000f7
W,0x100003dc,0x000000f8
W,0x100003e0,0x000000f9
W,0x100003e4,0x000000fa
W,0x100003e8,0x000000fb
W,0x100003ec,0x000000fc
W,0x100003f0,0x000000fd
W,0x100003f4,0x000000fe
W,0x100003f8,0x000000ff
W,0x100003fc,0x00000100
W,0x10000400,0x00000101
W,0x10000404,0x00000102
W,0x10000408,0x00000103
W,0x1000040c,0x00000104
W,0x10000410,0x00000105
W,0x10000414,0x00000106
W,0x10000418,0x00000107
W,0x1000041c,0x00000108
W,0x10000420,0x00000109
W,0x10000424,0x0000010a
W,0x10000428,0x0000010b
W,0x1000042c,0x0000010c
W,0x10000430,0x0000010d
W,0x10000434,0x0000010e
W,0x10000438,0x0000010f
W,0x1000043c,0x00000110
W,0x10000440,0x00000111
W,0x10000444,0x00000112
W,0x10000448,0x00000113
W,0x1000044c,0x00000114
W,0x10000450,0x00000115
W,0x10000454,0x00000116
W,0x10000458,0x00000117
W,0x1000045c,0x00000118
W,0x10000460,0x00000119
W,0x10000464,0x0000011a
W,0x10000468,0x0000011b
W,0x1000046c,0x0000011c
W,0x10000470,0x0000011d
W,0x10000474,0x0000011e
W,0x10000478,0x0000011f
W,0x1000047c,0x00000120
W,0x10000480,0x00000121
W,0x10000484,0x00000122
W,0x10000488,0x00000123
W,0x1000048c,0x00000124
W,0x10000490,0x00000125
W,0x10000494,0x00000126
W,0x10000498,0x00000127
W,0x1000049c,0x00000128
W,0x100004a0,0x00000129
W,0x100004a4,0x0000012a
W,0x100004a8,0x0000012b
W,0x100004ac,0x0000012c
R,0x100004ac,
R,0x100004a8,
R,0x100004a4,
R,0x100004a0,
R,0x1000049c,
R,0x10000498,
R,0x10000494,
R,0x10000490,
R,0x1000048c,
R,0x10000488,
R,0x10000484,
R,0x10000480,
R,0x1000047c,
R,0x10000478,
R,0x10000474,
R,0x10000470,
R,0x1000046c,
R,0x10000468,
R,0x10000464,
R,0x10000460,
R,0x1000045c,
R,0x10000458,
R,0x10000454,
R,0x10000450,
R,0x1000044c,
R,0x10000448,
R,0x10000444,
R,0x10000440,
R,0x1000043c,
R,0x10000438,
R,0x10000434,
R,0x10000430,
R,0x1000042c,
R,0x10000428,
R,0x10000424,
R,0x10000420,
R,0x1000041c,
R,0x10000418,
R,0x10000414,
R,0x10000410,
R,0x1000040c,
R,0x10000408,
R,0x10000404,
R,0x10000400,
R,0x100003fc,
R,0x100003f8,
R,0x100003f4,
R,0x100003f0,
R,0x100003ec,
R,0x100003e8,
R,0x100003e4,
R,0x100003e0,
R,0x100003dc,
R,0x100003d8,
R,0x100003d4,
R,0x100003d0,
R,0x100003cc,
R,0x100003c8,
R,0x100003c4,
R,0x100003c0,
R,0x100003bc,
R,0x100003b8,
R,0x100003b4,
R,0x100003b0,
R,0x100003ac,
R,0x100003a8,
R,0x100003a4,
R,0x100003a0,
R,0x1000039c,
R,0x10000398,
R,0x10000394,
R,0x10000390,
R,0x1000038c,
R,0x10000388,
R,0x10000384,
R,0x10000380,
R,0x1000037c,
R,0x10000378,
R,0x10000374,
R,0x10000370,
R,0x1000036c,
R,0x10000368,
R,0x10000364,
R,0x10000360,
R,0x1000035c,
R,0x10000358,
R,0x10000354,
R,0x10000350,
R,0x1000034c,
R,0x10000348,
R,0x10000344,
R,0x10000340,
R,0x1000033c,
R,0x10000338,
R,0x10000334,
R,0x10000330,
R,0x1000032c,
R,0x10000328,
R,0x10000324,
R,0x10000320,
R,0x1000031c,
R,0x10000318,
R,0x10000314,
R,0x10000310,
R,0x1000030c,
R,0x10000308,
R,0x10000304,
R,0x10000300,
R,0x100002fc,
R,0x100002f8,
R,0x100002f4,
R,0x100002f0,
R,0x100002ec,
R,0x100002e8,
R,0x100002e4,
R,0x100002e0,
R,0x100002dc,
R,0x100002d8,
R,0x100002d4,
R,0x100002d0,
R,0x100002cc,
R,0x100002c8,
R,0x100002c4,
R,0x100002c0,
R,0x100002bc,
R,0x100002b8,
R,0x100002b4,
R,0x100002b0,
R,0x100002ac,
R,0x100002a8,
R,0x100002a4,
R,0x100002a0,
R,0x1000029c,
R,0x10000298,
R,0x10000294,
R,0x10000290,
R,0x1000028c,
R,0x10000288,
R,0x10000284,
R,0x10000280,
R,0x1000027c,
R,0x10000278,
R,0x10000274,
R,0x10000270,
R,0x1000026c,
R,0x10000268,
R,0x10000264,
R,0x10000260,
R,0x1000025c,
R,0x10000258,
R,0x10000254,
R,0x10000250,
R,0x1000024c,
R,0x10000248,
R,0x10000244,
R,0x10000240,
R,0x1000023c,
R,0x10000238,
R,0x10000234,
R,0x10000230,
R,0x1000022c,
R,0x10000228,
R,0x10000224,
R,0x10000220,
R,0x1000021c,
R,0x10000218,
R,0x10000214,
R,0x10000210,
R,0x1000020c,
R,0x10000208,
R,0x10000204,
R,0x10000200,
R,0x100001fc,
R,0x100001f8,
R,0x100001f4,
R,0x100001f0,
R,0x100001ec,
R,0x100001e8,
R,0x100001e4,
R,0x100001e0,
R,0x100001dc,
R,0x100001d8,
R,0x100001d4,
R,0x100001d0,
R,0x100001cc,
R,0x100001c8,
R,0x100001c4,
R,0x100001c0,
R,0x100001bc,
R,0x100001b8,
R,0x100001b4,
R,0x100001b0,
R,0x100001ac,
R,0x100001a8,
R,0x100001a4,
R,0x100001a0,
R,0x1000019c,
R,0x10000198,
R,0x10000194,
R,0x10000190,
R,0x1000018c,
R,0x10000188,
R,0x10000184,
R,0x10000180,
R,0x1000017c,
R,0x10000178,
R,0x10000174,
R,0x10000170,
R,0x1000016c,
R,0x10000168,
R,0x10000164,
R,0x10000160,
R,0x1000015c,
R,0x10000158,
R,0x10000154,
R,0x10000150,
R,0x1000014c,
R,0x10000148,
R,0x10000144,
R,0x10000140,
R,0x1000013c,
R,0x10000138,
R,0x10000134,
R,0x10000130,
R,0x1000012c,
R,0x10000128,
R,0x10000124,
R,0x10000120,
R,0x1000011c,
R,0x10000118,
R,0x10000114,
R,0x10000110,
R,0x1000010c,
R,0x10000108,
R,0x10000104,
R,0x10000100,
R,0x100000fc,
R,0x100000f8,
R,0x100000f4,
R,0x100000f0,
R,0x100000ec,
R,0x100000e8,
R,0x100000e4,
R,0x100000e0,
R,0x100000dc,
R,0x100000d8,
R,0x100000d4,
R,0x100000d0,
R,0x100000cc,
R,0x100000c8,
R,0x100000c4,
R,0x100000c0,
R,0x100000bc,
R,0x100000b8,
R,0x100000b4,
R,0x100000b0,
R,0x100000ac,
R,0x100000a8,
R,0x100000a4,
R,0x100000a0,
R,0x1000009c,
R,0x10000098,
R,0x10000094,
R,0x10000090,
R,0x1000008c,
R,0x10000088,
R,0x10000084,
R,0x10000080,
R,0x1000007c,
R,0x10000078,
R,0x10000074,
R,0x10000070,
R,0x1000006c,
R,0x10000068,
R,0x10000064,
R,0x10000060,
R,0x1000005c,
R,0x10000058,
R,0x10000054,
R,0x10000050,
R,0x1000004c,
R,0x10000048,
R,0x10000044,
R,0x10000040,
R,0x1000003c,
R,0x10000038,
R,0x10000034,
R,0x10000030,
R,0x1000002c,
R,0x10000028,
R,0x10000024,
R,0x10000020,
R,0x1000001c,
R,0x10000018,
R,0x10000014,
R,0x10000010,
R,0x1000000c,
R,0x10000008,
R,0x10000004,
R,0x10000000,
